Label_names,Label_indices,Occurences
no,9,"('no', 84865)"
yes,3,"('yes', 83697)"
2,17,"('2', 12629)"
1,12,"('1', 12329)"
white,4,"('white', 9152)"
3,32,"('3', 6295)"
red,6,"('red', 5429)"
blue,13,"('blue', 5293)"
black,30,"('black', 5249)"
0,82,"('0', 5090)"
4,53,"('4', 4413)"
green,14,"('green', 3861)"
brown,59,"('brown', 3659)"
yellow,120,"('yellow', 2882)"
5,38,"('5', 2378)"
nothing,134,"('nothing', 2204)"
gray,16,"('gray', 2038)"
left,40,"('left', 1795)"
right,43,"('right', 1794)"
6,90,"('6', 1669)"
frisbee,7,"('frisbee', 1665)"
baseball,66,"('baseball', 1650)"
tennis,257,"('tennis', 1527)"
wood,83,"('wood', 1515)"
orange,2,"('orange', 1483)"
bathroom,91,"('bathroom', 1252)"
pizza,123,"('pizza', 1248)"
pink,42,"('pink', 1157)"
kitchen,198,"('kitchen', 1143)"
man,231,"('man', 1071)"
7,122,"('7', 1019)"
8,255,"('8', 974)"
cat,211,"('cat', 970)"
water,438,"('water', 956)"
dog,22,"('dog', 955)"
grass,45,"('grass', 935)"
skateboarding,431,"('skateboarding', 913)"
skiing,5,"('skiing', 893)"
silver,60,"('silver', 844)"
black and white,10,"('black and white', 836)"
10,103,"('10', 820)"
kite,649,"('kite', 807)"
surfing,360,"('surfing', 767)"
horse,264,"('horse', 735)"
skateboard,11,"('skateboard', 710)"
living room,41,"('living room', 704)"
wii,33,"('wii', 684)"
stop,202,"('stop', 671)"
snow,236,"('snow', 665)"
phone,244,"('phone', 656)"
eating,36,"('eating', 653)"
giraffe,168,"('giraffe', 652)"
woman,298,"('woman', 651)"
table,81,"('table', 650)"
food,334,"('food', 644)"
cake,49,"('cake', 639)"
surfboard,21,"('surfboard', 632)"
apple,416,"('apple', 632)"
broccoli,173,"('broccoli', 617)"
standing,218,"('standing', 616)"
sunny,375,"('sunny', 615)"
hat,100,"('hat', 595)"
purple,163,"('purple', 560)"
laptop,27,"('laptop', 556)"
elephant,74,"('elephant', 552)"
train,521,"('train', 550)"
unknown,545,"('unknown', 540)"
12,396,"('12', 538)"
beach,263,"('beach', 535)"
9,471,"('9', 533)"
sheep,102,"('sheep', 524)"
snowboarding,234,"('snowboarding', 522)"
motorcycle,15,"('motorcycle', 513)"
banana,50,"('banana', 504)"
bus,136,"('bus', 498)"
trees,152,"('trees', 498)"
soccer,169,"('soccer', 493)"
flowers,118,"('flowers', 478)"
cow,252,"('cow', 473)"
sitting,318,"('sitting', 472)"
wine,239,"('wine', 471)"
walking,157,"('walking', 463)"
tan,77,"('tan', 461)"
bear,31,"('bear', 457)"
male,219,"('male', 457)"
umbrella,296,"('umbrella', 455)"
camera,339,"('camera', 455)"
outside,655,"('outside', 451)"
winter,280,"('winter', 445)"
metal,232,"('metal', 442)"
20,686,"('20', 433)"
female,205,"('female', 432)"
car,124,"('car', 415)"
tile,185,"('tile', 414)"
brick,240,"('brick', 406)"
clear,248,"('clear', 394)"
night,677,"('night', 388)"
plane,372,"('plane', 382)"
wall,78,"('wall', 378)"
bird,228,"('bird', 375)"
many,204,"('many', 373)"
bananas,295,"('bananas', 371)"
sandwich,350,"('sandwich', 370)"
zebra,395,"('zebra', 369)"
bed,212,"('bed', 366)"
cloudy,833,"('cloudy', 361)"
bench,288,"('bench', 357)"
donut,783,"('donut', 357)"
down,267,"('down', 353)"
people,192,"('people', 351)"
summer,570,"('summer', 349)"
hot dog,106,"('hot dog', 345)"
bedroom,250,"('bedroom', 338)"
street,268,"('street', 335)"
kites,216,"('kites', 329)"
tree,35,"('tree', 325)"
fence,233,"('fence', 325)"
boat,139,"('boat', 323)"
birthday,144,"('birthday', 319)"
15,418,"('15', 316)"
cheese,140,"('cheese', 315)"
plate,107,"('plate', 311)"
bat,371,"('bat', 311)"
up,470,"('up', 310)"
beer,68,"('beer', 306)"
afternoon,138,"('afternoon', 306)"
fork,251,"('fork', 306)"
tv,425,"('tv', 306)"
sand,213,"('sand', 304)"
helmet,286,"('helmet', 304)"
chair,548,"('chair', 299)"
horses,848,"('horses', 298)"
truck,190,"('truck', 297)"
cows,176,"('cows', 296)"
couch,626,"('couch', 296)"
skis,19,"('skis', 293)"
floor,840,"('floor', 287)"
tennis racket,208,"('tennis racket', 286)"
round,223,"('round', 286)"
ground,309,"('ground', 285)"
11,191,"('11', 284)"
nike,71,"('nike', 282)"
coffee,670,"('coffee', 282)"
bike,328,"('bike', 280)"
red and white,75,"('red and white', 276)"
nowhere,188,"('nowhere', 276)"
airport,957,"('airport', 274)"
dirt,541,"('dirt', 273)"
zoo,575,"('zoo', 271)"
suitcase,584,"('suitcase', 271)"
cell phone,246,"('cell phone', 269)"
glass,709,"('glass', 268)"
usa,292,"('usa', 266)"
ocean,214,"('ocean', 265)"
square,62,"('square', 264)"
knife,48,"('knife', 262)"
fruit,432,"('fruit', 259)"
stripes,65,"('stripes', 254)"
snowboard,387,"('snowboard', 254)"
plastic,392,"('plastic', 254)"
boy,806,"('boy', 254)"
chicken,281,"('chicken', 249)"
airplane,421,"('airplane', 244)"
teddy bear,582,"('teddy bear', 242)"
old,384,"('old', 242)"
girl,451,"('girl', 242)"
concrete,618,"('concrete', 242)"
ball,760,"('ball', 242)"
english,245,"('english', 239)"
playing wii,1193,"('playing wii', 238)"
glasses,34,"('glasses', 237)"
blue and white,542,"('blue and white', 237)"
christmas,84,"('christmas', 235)"
tie,207,"('tie', 233)"
paper,141,"('paper', 232)"
city,377,"('city', 230)"
cold,215,"('cold', 229)"
30,261,"('30', 229)"
carrots,440,"('carrots', 227)"
sidewalk,596,"('sidewalk', 225)"
day,905,"('day', 225)"
13,164,"('13', 225)"
cooking,199,"('cooking', 224)"
blonde,937,"('blonde', 224)"
fall,672,"('fall', 222)"
scissors,338,"('scissors', 222)"
open,369,"('open', 222)"
building,153,"('building', 220)"
toilet,851,"('toilet', 219)"
50,181,"('50', 218)"
breakfast,1216,"('breakfast', 218)"
light,137,"('light', 217)"
person,986,"('person', 217)"
wii remote,1306,"('wii remote', 217)"
computer,29,"('computer', 216)"
not sure,1995,"('not sure', 215)"
park,272,"('park', 215)"
flying kite,651,"('flying kite', 215)"
lot,641,"('lot', 214)"
oak,930,"('oak', 213)"
can't tell,1643,"(""can't tell"", 212)"
happy,430,"('happy', 212)"
restaurant,210,"('restaurant', 211)"
chocolate,222,"('chocolate', 210)"
window,121,"('window', 210)"
chinese,732,"('chinese', 209)"
don't know,1341,"(""don't know"", 208)"
toothbrush,648,"('toothbrush', 206)"
clock,80,"('clock', 205)"
donuts,355,"('donuts', 205)"
dell,454,"('dell', 205)"
mirror,786,"('mirror', 202)"
africa,165,"('africa', 201)"
shirt,362,"('shirt', 201)"
solid,94,"('solid', 198)"
playing,1014,"('playing', 198)"
plaid,988,"('plaid', 197)"
14,383,"('14', 196)"
lettuce,333,"('lettuce', 195)"
vegetables,611,"('vegetables', 195)"
overcast,182,"('overcast', 194)"
apples,776,"('apples', 194)"
sun,143,"('sun', 193)"
neither,203,"('neither', 193)"
100,1161,"('100', 192)"
daytime,990,"('daytime', 192)"
rectangle,193,"('rectangle', 191)"
remote,614,"('remote', 190)"
office,24,"('office', 189)"
on table,178,"('on table', 188)"
spoon,408,"('spoon', 188)"
short,839,"('short', 188)"
field,445,"('field', 186)"
stone,794,"('stone', 185)"
sleeping,931,"('sleeping', 185)"
palm,477,"('palm', 184)"
small,484,"('small', 183)"
carpet,332,"('carpet', 182)"
wedding,479,"('wedding', 181)"
mountain,549,"('mountain', 180)"
middle,796,"('middle', 180)"
sky,357,"('sky', 180)"
road,777,"('road', 179)"
birds,447,"('birds', 179)"
25,513,"('25', 179)"
picture,552,"('picture', 179)"
oranges,304,"('oranges', 178)"
sign,463,"('sign', 178)"
elephants,290,"('elephants', 177)"
american,474,"('american', 177)"
safety,622,"('safety', 177)"
clouds,57,"('clouds', 176)"
background,514,"('background', 174)"
mountains,337,"('mountains', 174)"
nobody,1221,"('nobody', 173)"
desk,461,"('desk', 172)"
16,704,"('16', 172)"
ski poles,322,"('ski poles', 171)"
home,448,"('home', 170)"
fire hydrant,638,"('fire hydrant', 170)"
dinner,528,"('dinner', 169)"
sunglasses,456,"('sunglasses', 168)"
tomato,148,"('tomato', 167)"
shorts,237,"('shorts', 167)"
house,544,"('house', 166)"
fish,179,"('fish', 165)"
very,112,"('very', 164)"
bicycle,379,"('bicycle', 164)"
london,574,"('london', 164)"
police,785,"('police', 164)"
closed,1094,"('closed', 164)"
brown and white,378,"('brown and white', 163)"
morning,73,"('morning', 161)"
inside,146,"('inside', 161)"
counter,872,"('counter', 161)"
wetsuit,762,"('wetsuit', 159)"
color,1117,"('color', 159)"
england,359,"('england', 158)"
evening,283,"('evening', 157)"
milk,1165,"('milk', 156)"
pepperoni,640,"('pepperoni', 154)"
bowl,829,"('bowl', 154)"
salad,300,"('salad', 152)"
asian,1601,"('asian', 152)"
leaves,88,"('leaves', 151)"
not possible,739,"('not possible', 151)"
microwave,800,"('microwave', 150)"
both,462,"('both', 148)"
beige,340,"('beige', 147)"
noon,504,"('noon', 147)"
backpack,310,"('backpack', 146)"
jeans,725,"('jeans', 146)"
luggage,956,"('luggage', 146)"
pine,235,"('pine', 145)"
carrot,319,"('carrot', 145)"
glove,420,"('glove', 145)"
passenger,475,"('passenger', 143)"
sink,529,"('sink', 143)"
bread,673,"('bread', 143)"
front,1056,"('front', 143)"
baby,343,"('baby', 142)"
graffiti,967,"('graffiti', 142)"
books,1025,"('books', 142)"
circle,393,"('circle', 141)"
vase,491,"('vase', 141)"
rain,684,"('rain', 141)"
child,1314,"('child', 140)"
china,791,"('china', 139)"
drinking,838,"('drinking', 138)"
spinach,85,"('spinach', 137)"
catcher,67,"('catcher', 136)"
new york,1468,"('new york', 136)"
towel,93,"('towel', 136)"
wii controller,1727,"('wii controller', 136)"
bag,87,"('bag', 135)"
brushing teeth,8,"('brushing teeth', 134)"
floral,119,"('floral', 134)"
watch,345,"('watch', 134)"
hair,758,"('hair', 134)"
zebras,171,"('zebras', 132)"
giraffes,441,"('giraffes', 132)"
soup,1294,"('soup', 132)"
refrigerator,61,"('refrigerator', 131)"
hay,154,"('hay', 131)"
posing,623,"('posing', 131)"
gold,902,"('gold', 131)"
hand,563,"('hand', 130)"
flower,769,"('flower', 130)"
church,1264,"('church', 130)"
pole,132,"('pole', 129)"
talking on phone,660,"('talking on phone', 129)"
lights,707,"('lights', 129)"
clothes,500,"('clothes', 128)"
flying,492,"('flying', 128)"
windows,817,"('windows', 128)"
smiling,1437,"('smiling', 127)"
rainbow,1167,"('rainbow', 126)"
real,142,"('real', 125)"
spring,506,"('spring', 125)"
book,1489,"('book', 125)"
playing tennis,259,"('playing tennis', 124)"
forward,312,"('forward', 122)"
cars,293,"('cars', 121)"
striped,301,"('striped', 120)"
gas,735,"('gas', 120)"
box,605,"('box', 119)"
electric,402,"('electric', 118)"
motorcycles,664,"('motorcycles', 118)"
rocks,899,"('rocks', 118)"
keyboard,991,"('keyboard', 118)"
jacket,1487,"('jacket', 118)"
mouse,604,"('mouse', 116)"
adidas,940,"('adidas', 116)"
sneakers,689,"('sneakers', 115)"
blanket,1070,"('blanket', 114)"
photographer,1755,"('photographer', 114)"
bridge,367,"('bridge', 113)"
40,811,"('40', 113)"
talking,1004,"('talking', 113)"
shoes,331,"('shoes', 112)"
18,668,"('18', 112)"
shadow,279,"('shadow', 111)"
roses,336,"('roses', 111)"
racket,577,"('racket', 110)"
ketchup,784,"('ketchup', 110)"
i don't know,1408,"(""i don't know"", 110)"
wilson,96,"('wilson', 109)"
on,23,"('on', 109)"
peppers,110,"('peppers', 108)"
batter,978,"('batter', 108)"
sandals,1036,"('sandals', 108)"
resting,289,"('resting', 107)"
triangle,590,"('triangle', 107)"
lamp,678,"('lamp', 107)"
young,698,"('young', 106)"
coca cola,836,"('coca cola', 106)"
oven,1293,"('oven', 106)"
good,161,"('good', 105)"
store,533,"('store', 105)"
kite flying,828,"('kite flying', 105)"
large,25,"('large', 104)"
texting,131,"('texting', 104)"
in air,269,"('in air', 104)"
leather,1066,"('leather', 104)"
rope,1112,"('rope', 104)"
collar,256,"('collar', 103)"
rainy,439,"('rainy', 103)"
lab,444,"('lab', 102)"
paint,696,"('paint', 102)"
on wall,728,"('on wall', 102)"
checkered,813,"('checkered', 102)"
lunch,108,"('lunch', 101)"
long,954,"('long', 101)"
on ground,821,"('on ground', 101)"
top,850,"('top', 101)"
dessert,1355,"('dessert', 101)"
clean,1362,"('clean', 101)"
24,99,"('24', 100)"
parking,324,"('parking', 100)"
soda,637,"('soda', 100)"
decoration,750,"('decoration', 100)"
tabby,808,"('tabby', 100)"
grazing,101,"('grazing', 98)"
hot dogs,194,"('hot dogs', 98)"
meat,788,"('meat', 98)"
riding,317,"('riding', 97)"
ford,546,"('ford', 97)"
reading,547,"('reading', 97)"
umbrellas,802,"('umbrellas', 97)"
train station,928,"('train station', 97)"
straight,1092,"('straight', 97)"
head,1316,"('head', 97)"
sunset,2083,"('sunset', 97)"
pictures,226,"('pictures', 96)"
pitcher,1,"('pitcher', 95)"
unsure,1521,"('unsure', 95)"
umpire,1202,"('umpire', 95)"
stove,1295,"('stove', 95)"
seagull,321,"('seagull', 94)"
tomatoes,1330,"('tomatoes', 94)"
purse,18,"('purse', 93)"
electricity,526,"('electricity', 93)"
back,353,"('back', 93)"
rock,787,"('rock', 93)"
door,744,"('door', 92)"
river,277,"('river', 92)"
cup,1219,"('cup', 92)"
protection,1432,"('protection', 91)"
taking picture,347,"('taking picture', 91)"
heart,437,"('heart', 91)"
shade,558,"('shade', 91)"
on plate,1237,"('on plate', 91)"
lake,1450,"('lake', 91)"
shelf,1737,"('shelf', 91)"
jumping,646,"('jumping', 90)"
17,1159,"('17', 90)"
jet,1350,"('jet', 90)"
plant,1829,"('plant', 90)"
wire,46,"('wire', 89)"
double decker,358,"('double decker', 88)"
running,361,"('running', 88)"
tennis court,645,"('tennis court', 88)"
canada,932,"('canada', 88)"
work,1271,"('work', 88)"
surfboards,992,"('surfboards', 88)"
controller,1429,"('controller', 88)"
goggles,824,"('goggles', 87)"
white and blue,365,"('white and blue', 87)"
hot,2419,"('hot', 87)"
bottom,69,"('bottom', 86)"
tracks,221,"('tracks', 86)"
fishing,366,"('fishing', 86)"
warm,1245,"('warm', 86)"
air,1802,"('air', 86)"
bears,354,"('bears', 85)"
school,509,"('school', 85)"
off,524,"('off', 85)"
laying down,1926,"('laying down', 85)"
branch,480,"('branch', 84)"
rose,989,"('rose', 84)"
adult,1009,"('adult', 84)"
ceramic,1235,"('ceramic', 84)"
taking off,1273,"('taking off', 84)"
toilet paper,1836,"('toilet paper', 84)"
rug,129,"('rug', 83)"
boots,455,"('boots', 83)"
hotel,1240,"('hotel', 83)"
calm,1287,"('calm', 83)"
words,145,"('words', 82)"
basket,320,"('basket', 82)"
modern,452,"('modern', 82)"
landing,1930,"('landing', 82)"
wind,1297,"('wind', 82)"
red and yellow,187,"('red and yellow', 81)"
olives,883,"('olives', 81)"
playing frisbee,1119,"('playing frisbee', 81)"
lemon,1381,"('lemon', 81)"
new,1936,"('new', 81)"
cutting,342,"('cutting', 80)"
parking lot,175,"('parking lot', 80)"
gloves,459,"('gloves', 80)"
human,1238,"('human', 80)"
batting,979,"('batting', 80)"
watching,1559,"('watching', 80)"
white and black,1594,"('white and black', 80)"
downhill,567,"('downhill', 79)"
delta,657,"('delta', 79)"
rice,781,"('rice', 79)"
vanilla,52,"('vanilla', 78)"
bottle,306,"('bottle', 78)"
red and blue,394,"('red and blue', 78)"
cutting board,433,"('cutting board', 78)"
wild,503,"('wild', 78)"
flag,676,"('flag', 78)"
beef,243,"('beef', 77)"
oval,682,"('oval', 77)"
van,953,"('van', 77)"
parking meter,1033,"('parking meter', 77)"
tower,1403,"('tower', 77)"
scarf,1224,"('scarf', 77)"
away,1501,"('away', 76)"
guitar,1327,"('guitar', 76)"
plain,819,"('plain', 76)"
go,875,"('go', 76)"
steam,1451,"('steam', 76)"
in water,852,"('in water', 75)"
fire,1024,"('fire', 75)"
blue and yellow,170,"('blue and yellow', 74)"
skate park,1120,"('skate park', 74)"
on right,1960,"('on right', 74)"
indoors,2072,"('indoors', 74)"
fridge,609,"('fridge', 73)"
smoke,593,"('smoke', 73)"
blinds,789,"('blinds', 73)"
water skiing,351,"('water skiing', 73)"
outdoors,1360,"('outdoors', 73)"
tennis ball,1471,"('tennis ball', 73)"
boats,1614,"('boats', 73)"
terrier,1700,"('terrier', 73)"
mustard,55,"('mustard', 72)"
daisy,382,"('daisy', 72)"
ice cream,1473,"('ice cream', 72)"
bikes,1878,"('bikes', 72)"
pepsi,160,"('pepsi', 71)"
tea,282,"('tea', 71)"
playing baseball,316,"('playing baseball', 71)"
green and white,1148,"('green and white', 71)"
dining room,1399,"('dining room', 71)"
united,1510,"('united', 71)"
military,1609,"('military', 71)"
hands,1627,"('hands', 71)"
headband,1638,"('headband', 71)"
planes,516,"('planes', 70)"
suit,715,"('suit', 70)"
strawberries,580,"('strawberries', 70)"
fries,711,"('fries', 70)"
stop sign,761,"('stop sign', 70)"
swimming,878,"('swimming', 70)"
blender,1131,"('blender', 70)"
ski,1502,"('ski', 70)"
sauce,1849,"('sauce', 70)"
onions,111,"('onions', 69)"
cleaning,2314,"('cleaning', 69)"
23,1189,"('23', 69)"
ponytail,748,"('ponytail', 69)"
game,980,"('game', 69)"
ham,1262,"('ham', 69)"
19,1171,"('19', 69)"
22,1275,"('22', 69)"
pillow,1537,"('pillow', 69)"
north,70,"('north', 68)"
cargo,126,"('cargo', 68)"
urban,135,"('urban', 68)"
dress,534,"('dress', 68)"
35,663,"('35', 68)"
trash,1697,"('trash', 68)"
men,1431,"('men', 68)"
21,1303,"('21', 68)"
india,1637,"('india', 68)"
ramp,443,"('ramp', 68)"
necklace,89,"('necklace', 67)"
no parking,241,"('no parking', 67)"
ceiling,468,"('ceiling', 67)"
clay,644,"('clay', 67)"
business,749,"('business', 67)"
slow,815,"('slow', 67)"
fan,903,"('fan', 67)"
orange juice,1121,"('orange juice', 67)"
party,195,"('party', 66)"
dirty,486,"('dirty', 66)"
toy,1285,"('toy', 66)"
looking,2145,"('looking', 66)"
market,1337,"('market', 66)"
traffic,2047,"('traffic', 66)"
star,220,"('star', 65)"
cabinet,1575,"('cabinet', 65)"
samsung,1001,"('samsung', 65)"
above,1493,"('above', 65)"
on desk,1088,"('on desk', 65)"
hats,1260,"('hats', 65)"
poles,20,"('poles', 64)"
yellow and blue,271,"('yellow and blue', 64)"
big,583,"('big', 64)"
strawberry,608,"('strawberry', 64)"
america,1078,"('america', 64)"
polo,1784,"('polo', 64)"
trash can,1100,"('trash can', 64)"
hit ball,1106,"('hit ball', 64)"
cotton,714,"('cotton', 63)"
clock tower,996,"('clock tower', 63)"
dogs,1061,"('dogs', 63)"
east,1480,"('east', 63)"
waiting,2441,"('waiting', 63)"
sausage,1532,"('sausage', 62)"
red and black,643,"('red and black', 62)"
on left,1809,"('on left', 62)"
bracelet,688,"('bracelet', 62)"
wooden,700,"('wooden', 62)"
handle,628,"('handle', 62)"
grapes,923,"('grapes', 62)"
bacon,1263,"('bacon', 62)"
duck,1531,"('duck', 62)"
shower,92,"('shower', 61)"
dusk,284,"('dusk', 61)"
cloth,559,"('cloth', 61)"
sugar,741,"('sugar', 61)"
turkey,825,"('turkey', 61)"
skateboarder,835,"('skateboarder', 61)"
pan,837,"('pan', 61)"
downtown,1600,"('downtown', 61)"
balance,1592,"('balance', 61)"
carriage,2504,"('carriage', 61)"
asphalt,390,"('asphalt', 60)"
smile,830,"('smile', 60)"
working,1150,"('working', 60)"
moving,1227,"('moving', 60)"
white and red,1406,"('white and red', 60)"
fun,1311,"('fun', 60)"
sweater,270,"('sweater', 59)"
honda,488,"('honda', 59)"
south,810,"('south', 59)"
mercedes,868,"('mercedes', 59)"
collie,1875,"('collie', 59)"
dunkin donuts,1029,"('dunkin donuts', 59)"
boston,1208,"('boston', 59)"
marble,1844,"('marble', 59)"
behind,2421,"('behind', 59)"
harley,2147,"('harley', 59)"
soap,1633,"('soap', 58)"
reflection,569,"('reflection', 58)"
flying kites,909,"('flying kites', 58)"
helmets,949,"('helmets', 58)"
farm,1016,"('farm', 58)"
face,1369,"('face', 58)"
wine glass,1465,"('wine glass', 58)"
granite,1684,"('granite', 58)"
art,1819,"('art', 58)"
p,323,"('p', 57)"
catching,977,"('catching', 57)"
station,1053,"('station', 57)"
pasta,1154,"('pasta', 57)"
28,1549,"('28', 57)"
parked,532,"('parked', 56)"
waves,1097,"('waves', 56)"
california,2302,"('california', 56)"
painting,1701,"('painting', 56)"
cross,183,"('cross', 55)"
african,1655,"('african', 55)"
orange and white,406,"('orange and white', 55)"
3 feet,1096,"('3 feet', 55)"
full,610,"('full', 55)"
low,822,"('low', 55)"
public,929,"('public', 55)"
octagon,947,"('octagon', 55)"
sad,1252,"('sad', 55)"
pen,1491,"('pen', 55)"
pants,1535,"('pants', 54)"
maple,722,"('maple', 54)"
cowboy,880,"('cowboy', 54)"
napkin,897,"('napkin', 54)"
united states,950,"('united states', 54)"
ducks,1035,"('ducks', 54)"
2 feet,1044,"('2 feet', 54)"
desert,1884,"('desert', 54)"
high,2014,"('high', 53)"
surfer,576,"('surfer', 53)"
pepper,586,"('pepper', 53)"
candles,755,"('candles', 53)"
gray and white,1490,"('gray and white', 53)"
cement,1587,"('cement', 53)"
dry,1107,"('dry', 53)"
walk,1507,"('walk', 53)"
parsley,1818,"('parsley', 53)"
cart,2016,"('cart', 53)"
can't see,680,"(""can't see"", 52)"
juice,307,"('juice', 52)"
football,537,"('football', 52)"
chairs,1015,"('chairs', 52)"
coke,1108,"('coke', 52)"
sparrow,1345,"('sparrow', 52)"
b,1160,"('b', 52)"
cats,1667,"('cats', 52)"
dodgers,1519,"('dodgers', 52)"
parasailing,275,"('parasailing', 51)"
w,356,"('w', 51)"
raining,507,"('raining', 51)"
dark,908,"('dark', 51)"
italian,1118,"('italian', 51)"
headphones,1217,"('headphones', 51)"
tulips,1332,"('tulips', 51)"
bakery,1361,"('bakery', 51)"
hungry,1916,"('hungry', 51)"
plants,1740,"('plants', 51)"
on bed,1168,"('on bed', 51)"
chef,51,"('chef', 50)"
potatoes,647,"('potatoes', 50)"
ring,200,"('ring', 50)"
parrot,229,"('parrot', 50)"
red white and blue,230,"('red white and blue', 50)"
beard,341,"('beard', 50)"
regular,1547,"('regular', 50)"
transportation,374,"('transportation', 50)"
logo,400,"('logo', 50)"
bow,422,"('bow', 50)"
on building,426,"('on building', 50)"
france,487,"('france', 50)"
skateboards,904,"('skateboards', 50)"
bmw,912,"('bmw', 50)"
diamond,1130,"('diamond', 50)"
sony,1715,"('sony', 50)"
german,1282,"('german', 50)"
cutting cake,1479,"('cutting cake', 50)"
stuffed animal,1590,"('stuffed animal', 50)"
bricks,1814,"('bricks', 50)"
stairs,127,"('stairs', 49)"
signs,535,"('signs', 49)"
parade,553,"('parade', 49)"
serving,747,"('serving', 49)"
steel,918,"('steel', 49)"
ski lift,973,"('ski lift', 49)"
tall,1021,"('tall', 49)"
medium,1101,"('medium', 49)"
basketball,1249,"('basketball', 49)"
apartment,1402,"('apartment', 49)"
tray,1441,"('tray', 49)"
broken,652,"('broken', 49)"
hydrant,1823,"('hydrant', 49)"
not very,1639,"('not very', 49)"
egg,2070,"('egg', 49)"
butter,109,"('butter', 48)"
fork and knife,224,"('fork and knife', 48)"
bus stop,376,"('bus stop', 48)"
driving,494,"('driving', 48)"
twin,499,"('twin', 48)"
laying,625,"('laying', 48)"
roof,926,"('roof', 48)"
sandwiches,1400,"('sandwiches', 48)"
half,1417,"('half', 48)"
flip flops,1113,"('flip flops', 48)"
crane,2368,"('crane', 48)"
red and green,598,"('red and green', 47)"
stick,630,"('stick', 47)"
commercial,856,"('commercial', 47)"
forest,945,"('forest', 47)"
sunlight,1105,"('sunlight', 47)"
main,1207,"('main', 47)"
at camera,1267,"('at camera', 47)"
pot,1461,"('pot', 47)"
owl,1464,"('owl', 47)"
brush,2569,"('brush', 47)"
chicago,1843,"('chicago', 47)"
bar,1579,"('bar', 47)"
all,1827,"('all', 47)"
yellow and red,517,"('yellow and red', 47)"
dock,58,"('dock', 46)"
crosswalk,133,"('crosswalk', 46)"
skirt,260,"('skirt', 46)"
japan,861,"('japan', 46)"
typing,916,"('typing', 46)"
little,939,"('little', 46)"
10 feet,941,"('10 feet', 46)"
women,1019,"('women', 46)"
fire truck,1504,"('fire truck', 46)"
queen,1757,"('queen', 46)"
mcdonald's,1675,"(""mcdonald's"", 46)"
27,1398,"('27', 46)"
pigeon,1825,"('pigeon', 46)"
it's not,1850,"(""it's not"", 46)"
west,2236,"('west', 46)"
tag,104,"('tag', 45)"
toyota,409,"('toyota', 45)"
fake,1812,"('fake', 45)"
subway,1820,"('subway', 45)"
stainless steel,539,"('stainless steel', 45)"
indian,871,"('indian', 45)"
jump,1506,"('jump', 45)"
straw,1382,"('straw', 45)"
seagulls,1448,"('seagulls', 45)"
polar bear,1272,"('polar bear', 45)"
c,1799,"('c', 45)"
fedora,1965,"('fedora', 45)"
fedex,2152,"('fedex', 45)"
55,278,"('55', 44)"
200,723,"('200', 44)"
eggs,348,"('eggs', 44)"
38,1932,"('38', 44)"
polar,874,"('polar', 44)"
empty,1011,"('empty', 44)"
friends,1582,"('friends', 44)"
suv,1065,"('suv', 44)"
big ben,1093,"('big ben', 44)"
out,1405,"('out', 44)"
mushrooms,1236,"('mushrooms', 44)"
germany,1283,"('germany', 44)"
natural,1528,"('natural', 44)"
kia,2002,"('kia', 44)"
bowling,2026,"('bowling', 44)"
curtain,2117,"('curtain', 44)"
cumulus,217,"('cumulus', 43)"
starbucks,2291,"('starbucks', 43)"
racing,389,"('racing', 43)"
s,1413,"('s', 43)"
fast,1278,"('fast', 43)"
2010,1374,"('2010', 43)"
serve,1641,"('serve', 43)"
cannot tell,1923,"('cannot tell', 43)"
asia,1795,"('asia', 43)"
green and yellow,315,"('green and yellow', 42)"
curtains,385,"('curtains', 42)"
friend,415,"('friend', 42)"
eat,442,"('eat', 42)"
warning,2219,"('warning', 42)"
caution,505,"('caution', 42)"
candy,601,"('candy', 42)"
pineapple,1266,"('pineapple', 42)"
steak,632,"('steak', 42)"
chain link,633,"('chain link', 42)"
nighttime,886,"('nighttime', 42)"
pug,891,"('pug', 42)"
tired,936,"('tired', 42)"
first,1517,"('first', 42)"
swan,1182,"('swan', 42)"
towels,1380,"('towels', 42)"
corner,1500,"('corner', 42)"
soccer ball,1143,"('soccer ball', 42)"
chips,2498,"('chips', 42)"
roman,1856,"('roman', 42)"
family,1767,"('family', 42)"
bun,56,"('bun', 41)"
basil,2128,"('basil', 41)"
fabric,624,"('fabric', 41)"
washington,972,"('washington', 41)"
air canada,934,"('air canada', 41)"
monkey,1022,"('monkey', 41)"
mutt,1048,"('mutt', 41)"
45,607,"('45', 41)"
scooter,1075,"('scooter', 41)"
runway,1144,"('runway', 41)"
skier,1157,"('skier', 41)"
t shirt,501,"('t shirt', 41)"
wool,1572,"('wool', 41)"
pickle,1610,"('pickle', 41)"
magnets,1789,"('magnets', 41)"
statue,1868,"('statue', 41)"
paddle,1978,"('paddle', 41)"
navy,2151,"('navy', 41)"
frosting,2266,"('frosting', 41)"
buildings,2178,"('buildings', 41)"
red sox,370,"('red sox', 40)"
rack,2657,"('rack', 40)"
letters,1891,"('letters', 40)"
italy,527,"('italy', 40)"
sprinkles,685,"('sprinkles', 40)"
sailboat,775,"('sailboat', 40)"
private,853,"('private', 40)"
beans,1030,"('beans', 40)"
german shepherd,1040,"('german shepherd', 40)"
television,1133,"('television', 40)"
storage,1180,"('storage', 40)"
desktop,1205,"('desktop', 40)"
in front,1367,"('in front', 40)"
french,1568,"('french', 40)"
playing game,1710,"('playing game', 40)"
calico,1749,"('calico', 40)"
tennis player,2193,"('tennis player', 40)"
propeller,76,"('propeller', 39)"
children,242,"('children', 39)"
squares,530,"('squares', 39)"
museum,683,"('museum', 39)"
chopsticks,727,"('chopsticks', 39)"
2012,1090,"('2012', 39)"
eagle,797,"('eagle', 39)"
1950,1349,"('1950', 39)"
goat,1669,"('goat', 39)"
wet,1523,"('wet', 39)"
blue and red,1629,"('blue and red', 39)"
animals,1752,"('animals', 39)"
visor,2010,"('visor', 39)"
krispy kreme,2379,"('krispy kreme', 39)"
multi,1091,"('multi', 39)"
surf,1452,"('surf', 39)"
net,0,"('net', 38)"
design,1774,"('design', 38)"
watermelon,249,"('watermelon', 38)"
34,913,"('34', 38)"
holding,2824,"('holding', 38)"
baseball bat,1691,"('baseball bat', 38)"
cigarette,964,"('cigarette', 38)"
baseball field,1136,"('baseball field', 38)"
drywall,1317,"('drywall', 38)"
bandana,1339,"('bandana', 38)"
32,1401,"('32', 38)"
bell,1444,"('bell', 38)"
newspaper,1534,"('newspaper', 38)"
messy,1563,"('messy', 38)"
fireplace,1711,"('fireplace', 38)"
butterfly,1811,"('butterfly', 38)"
drink,843,"('drink', 38)"
saddle,2104,"('saddle', 38)"
french fries,2100,"('french fries', 38)"
railing,44,"('railing', 37)"
spanish,105,"('spanish', 37)"
travel,721,"('travel', 37)"
on counter,299,"('on counter', 37)"
yellow and black,458,"('yellow and black', 37)"
boxes,591,"('boxes', 37)"
cucumber,679,"('cucumber', 37)"
directions,2052,"('directions', 37)"
fell,1209,"('fell', 37)"
rural,910,"('rural', 37)"
garbage,961,"('garbage', 37)"
unclear,2388,"('unclear', 37)"
street sign,1191,"('street sign', 37)"
lighthouse,1038,"('lighthouse', 37)"
pie,1126,"('pie', 37)"
60,1254,"('60', 37)"
finch,1358,"('finch', 37)"
stand,1397,"('stand', 37)"
bicycles,1642,"('bicycles', 37)"
golden retriever,1668,"('golden retriever', 37)"
garage,2322,"('garage', 37)"
catching frisbee,1718,"('catching frisbee', 37)"
giants,1781,"('giants', 37)"
wave,1821,"('wave', 37)"
pork,2509,"('pork', 37)"
shoe,2270,"('shoe', 37)"
monitor,1443,"('monitor', 36)"
tiger,419,"('tiger', 36)"
mozzarella,636,"('mozzarella', 36)"
construction,729,"('construction', 36)"
phones,774,"('phones', 36)"
on floor,906,"('on floor', 36)"
29,951,"('29', 36)"
traveling,955,"('traveling', 36)"
smoothie,2021,"('smoothie', 36)"
t,1709,"('t', 36)"
accident,1589,"('accident', 36)"
advertisement,2736,"('advertisement', 36)"
in bowl,831,"('in bowl', 36)"
flags,1886,"('flags', 36)"
peace,1068,"('peace', 36)"
obama,2004,"('obama', 36)"
bucket,2283,"('bucket', 36)"
baseball cap,130,"('baseball cap', 35)"
vertical,303,"('vertical', 35)"
cherry,674,"('cherry', 35)"
bull,1862,"('bull', 35)"
corn,865,"('corn', 35)"
san francisco,998,"('san francisco', 35)"
daisies,1055,"('daisies', 35)"
side,1086,"('side', 35)"
wagon,1164,"('wagon', 35)"
time,1328,"('time', 35)"
harness,1662,"('harness', 35)"
emirates,1785,"('emirates', 35)"
orioles,1942,"('orioles', 35)"
bags,1945,"('bags', 35)"
cook,2207,"('cook', 35)"
bulldog,2527,"('bulldog', 35)"
yankees,225,"('yankees', 34)"
tennis rackets,254,"('tennis rackets', 34)"
shrimp,449,"('shrimp', 34)"
candle,561,"('candle', 34)"
halloween,572,"('halloween', 34)"
lap,654,"('lap', 34)"
beagle,1583,"('beagle', 34)"
white and brown,671,"('white and brown', 34)"
casual,1147,"('casual', 34)"
wires,738,"('wires', 34)"
love,2426,"('love', 34)"
tractor,1670,"('tractor', 34)"
swinging,1370,"('swinging', 34)"
gravel,1057,"('gravel', 34)"
to left,1538,"('to left', 34)"
foil,1577,"('foil', 34)"
husky,1678,"('husky', 34)"
man on left,1396,"('man on left', 34)"
cone,2019,"('cone', 34)"
electronics,2024,"('electronics', 34)"
army,2038,"('army', 34)"
10:20,2177,"('10:20', 34)"
north america,2184,"('north america', 34)"
library,2564,"('library', 34)"
tennis shoes,410,"('tennis shoes', 33)"
poodle,330,"('poodle', 33)"
1 foot,335,"('1 foot', 33)"
microphone,352,"('microphone', 33)"
barn,363,"('barn', 33)"
stripe,2057,"('stripe', 33)"
kiwi,435,"('kiwi', 33)"
porcelain,681,"('porcelain', 33)"
mask,690,"('mask', 33)"
plates,740,"('plates', 33)"
oil,724,"('oil', 33)"
hospital,1163,"('hospital', 33)"
country,1621,"('country', 33)"
uniform,1325,"('uniform', 33)"
vest,1348,"('vest', 33)"
5 feet,1384,"('5 feet', 33)"
cleats,1596,"('cleats', 33)"
reins,1647,"('reins', 33)"
beanie,1682,"('beanie', 33)"
taxi,1928,"('taxi', 33)"
on shelf,2179,"('on shelf', 33)"
suitcases,2071,"('suitcases', 33)"
string,1542,"('string', 33)"
neck,2124,"('neck', 33)"
cap,2781,"('cap', 33)"
tank top,2344,"('tank top', 33)"
cookies,2416,"('cookies', 33)"
nokia,2252,"('nokia', 33)"
yellow and white,72,"('yellow and white', 32)"
e,98,"('e', 32)"
20 feet,1308,"('20 feet', 32)"
identification,1463,"('identification', 32)"
eyes,308,"('eyes', 32)"
white and green,373,"('white and green', 32)"
stuffed animals,859,"('stuffed animals', 32)"
2000,465,"('2000', 32)"
air force,482,"('air force', 32)"
soft,1619,"('soft', 32)"
board,701,"('board', 32)"
shallow,398,"('shallow', 32)"
hello kitty,900,"('hello kitty', 32)"
12:00,1763,"('12:00', 32)"
noodles,952,"('noodles', 32)"
arm,1623,"('arm', 32)"
softball,1012,"('softball', 32)"
cross country,1017,"('cross country', 32)"
numbers,1931,"('numbers', 32)"
bottles,1578,"('bottles', 32)"
video game,1145,"('video game', 32)"
pots,1288,"('pots', 32)"
thin,1176,"('thin', 32)"
peas,1958,"('peas', 32)"
stool,1887,"('stool', 32)"
leash,1688,"('leash', 32)"
toys,2297,"('toys', 32)"
bob,1794,"('bob', 32)"
lilies,2075,"('lilies', 32)"
green beans,2175,"('green beans', 32)"
bush,832,"('bush', 32)"
camouflage,2277,"('camouflage', 32)"
ribbon,2103,"('ribbon', 32)"
log,37,"('log', 31)"
outdoor,54,"('outdoor', 31)"
hill,2358,"('hill', 31)"
m,1618,"('m', 31)"
hair dryer,189,"('hair dryer', 31)"
apron,197,"('apron', 31)"
watching tv,919,"('watching tv', 31)"
on tracks,483,"('on tracks', 31)"
black and red,512,"('black and red', 31)"
houses,587,"('houses', 31)"
ladder,708,"('ladder', 31)"
santa,751,"('santa', 31)"
bikini,1754,"('bikini', 31)"
multicolored,873,"('multicolored', 31)"
pizza cutter,884,"('pizza cutter', 31)"
australia,889,"('australia', 31)"
british,893,"('british', 31)"
coat,1681,"('coat', 31)"
tags,1000,"('tags', 31)"
pigeons,1060,"('pigeons', 31)"
toast,1127,"('toast', 31)"
onion,1324,"('onion', 31)"
harley davidson,1434,"('harley davidson', 31)"
setting,1481,"('setting', 31)"
dishes,1557,"('dishes', 31)"
pillows,1663,"('pillows', 31)"
blurry,1690,"('blurry', 31)"
26,2424,"('26', 31)"
3:00,1927,"('3:00', 31)"
falling,2282,"('falling', 31)"
icing,2258,"('icing', 31)"
on pole,2315,"('on pole', 31)"
lufthansa,2345,"('lufthansa', 31)"
music,2411,"('music', 31)"
jeep,2377,"('jeep', 31)"
rail,2444,"('rail', 31)"
lily,2679,"('lily', 31)"
petting,809,"('petting', 30)"
gothic,1304,"('gothic', 30)"
cream,1951,"('cream', 30)"
window sill,502,"('window sill', 30)"
boating,556,"('boating', 30)"
play,613,"('play', 30)"
kettle,662,"('kettle', 30)"
free,757,"('free', 30)"
cups,938,"('cups', 30)"
japanese,985,"('japanese', 30)"
legs,1410,"('legs', 30)"
pitbull,1079,"('pitbull', 30)"
siamese,1115,"('siamese', 30)"
clothing,2068,"('clothing', 30)"
fur,1279,"('fur', 30)"
screen,1428,"('screen', 30)"
belt,2235,"('belt', 30)"
horns,1543,"('horns', 30)"
blue and green,1477,"('blue and green', 30)"
rodeo,1648,"('rodeo', 30)"
man on right,1674,"('man on right', 30)"
foggy,1742,"('foggy', 30)"
snowy,2220,"('snowy', 30)"
owner,1769,"('owner', 30)"
biking,1779,"('biking', 30)"
not,2486,"('not', 30)"
vegetable,1664,"('vegetable', 30)"
bushes,2305,"('bushes', 30)"
do not enter,2732,"('do not enter', 30)"
laptops,1585,"('laptops', 30)"
sweet,117,"('sweet', 29)"
can,726,"('can', 29)"
grill,265,"('grill', 29)"
black and yellow,311,"('black and yellow', 29)"
hp,460,"('hp', 29)"
on street,464,"('on street', 29)"
movie,606,"('movie', 29)"
weeds,2882,"('weeds', 29)"
water bottle,823,"('water bottle', 29)"
far,849,"('far', 29)"
writing,898,"('writing', 29)"
dugout,960,"('dugout', 29)"
brown and black,1247,"('brown and black', 29)"
nose,2196,"('nose', 29)"
dresser,1415,"('dresser', 29)"
washington dc,1425,"('washington dc', 29)"
woods,1455,"('woods', 29)"
on grass,1197,"('on grass', 29)"
cereal,1628,"('cereal', 29)"
to eat,1830,"('to eat', 29)"
land,1857,"('land', 29)"
several,2261,"('several', 29)"
motor,1971,"('motor', 29)"
mexican,1976,"('mexican', 29)"
teddy bears,166,"('teddy bears', 28)"
socks,167,"('socks', 28)"
race,1050,"('race', 28)"
kids,687,"('kids', 28)"
potato,2757,"('potato', 28)"
on road,969,"('on road', 28)"
computers,1002,"('computers', 28)"
relaxing,1080,"('relaxing', 28)"
center,1111,"('center', 28)"
fresh,1229,"('fresh', 28)"
mouth,1343,"('mouth', 28)"
uphill,1713,"('uphill', 28)"
x,1554,"('x', 28)"
crossing,2120,"('crossing', 28)"
handicap,1840,"('handicap', 28)"
2013,1895,"('2013', 28)"
no dog,2046,"('no dog', 28)"
selfie,1950,"('selfie', 28)"
boxing,1982,"('boxing', 28)"
lion,2767,"('lion', 28)"
tail,2094,"('tail', 28)"
us,2134,"('us', 28)"
pink and white,2215,"('pink and white', 28)"
nintendo,2439,"('nintendo', 28)"
feet,2446,"('feet', 28)"
ice,158,"('ice', 27)"
bathtub,2613,"('bathtub', 27)"
toothbrushes,405,"('toothbrushes', 27)"
teddy,63,"('teddy', 27)"
spatula,518,"('spatula', 27)"
skull,2119,"('skull', 27)"
cabbage,695,"('cabbage', 27)"
happy birthday,719,"('happy birthday', 27)"
cones,779,"('cones', 27)"
glazed,1560,"('glazed', 27)"
cardboard,816,"('cardboard', 27)"
no hat,1128,"('no hat', 27)"
on top,935,"('on top', 27)"
white and gray,942,"('white and gray', 27)"
pitching,959,"('pitching', 27)"
33,982,"('33', 27)"
power lines,1239,"('power lines', 27)"
yamaha,1104,"('yamaha', 27)"
photography,2493,"('photography', 27)"
motorola,1158,"('motorola', 27)"
500,1372,"('500', 27)"
freight,1218,"('freight', 27)"
wristband,1903,"('wristband', 27)"
chihuahua,1234,"('chihuahua', 27)"
tattoo,1270,"('tattoo', 27)"
trunk,1707,"('trunk', 27)"
pier,1319,"('pier', 27)"
lines,1347,"('lines', 27)"
pastries,1359,"('pastries', 27)"
2016,1378,"('2016', 27)"
kitten,1888,"('kitten', 27)"
1 hour,1967,"('1 hour', 27)"
in background,2080,"('in background', 27)"
speaker,2172,"('speaker', 27)"
pool,1598,"('pool', 27)"
mom,1599,"('mom', 27)"
arrow,2185,"('arrow', 27)"
lots,1768,"('lots', 27)"
photo,2209,"('photo', 27)"
seat,1998,"('seat', 27)"
europe,2064,"('europe', 27)"
wheat,2208,"('wheat', 27)"
mac,2224,"('mac', 27)"
pelican,2231,"('pelican', 27)"
tow truck,2234,"('tow truck', 27)"
wii controllers,2349,"('wii controllers', 27)"
chase,2811,"('chase', 27)"
cubs,2519,"('cubs', 27)"
deer,2521,"('deer', 27)"
dots,227,"('dots', 26)"
31,276,"('31', 26)"
windsurfing,510,"('windsurfing', 26)"
passengers,424,"('passengers', 26)"
horizontal,446,"('horizontal', 26)"
boys,472,"('boys', 26)"
bad,661,"('bad', 26)"
pickles,571,"('pickles', 26)"
mushroom,581,"('mushroom', 26)"
greyhound,658,"('greyhound', 26)"
1000,1511,"('1000', 26)"
volleyball,746,"('volleyball', 26)"
right side,2981,"('right side', 26)"
wicker,892,"('wicker', 26)"
driver,921,"('driver', 26)"
squash,1994,"('squash', 26)"
doughnut,1037,"('doughnut', 26)"
girls,1152,"('girls', 26)"
easter,1323,"('easter', 26)"
texas,1503,"('texas', 26)"
roman numerals,1513,"('roman numerals', 26)"
berries,1608,"('berries', 26)"
roast beef,2009,"('roast beef', 26)"
arch,2066,"('arch', 26)"
size,1861,"('size', 26)"
cardinals,2200,"('cardinals', 26)"
bank of america,2472,"('bank of america', 26)"
kayaking,2654,"('kayaking', 26)"
google,2742,"('google', 26)"
vent,28,"('vent', 25)"
pig,116,"('pig', 25)"
r,2049,"('r', 25)"
abstract,128,"('abstract', 25)"
panda,2658,"('panda', 25)"
blue and black,2467,"('blue and black', 25)"
sliced,436,"('sliced', 25)"
highway,523,"('highway', 25)"
on sidewalk,565,"('on sidewalk', 25)"
veggie,585,"('veggie', 25)"
engine,594,"('engine', 25)"
bright,612,"('bright', 25)"
44,656,"('44', 25)"
utensils,2373,"('utensils', 25)"
throwing,736,"('throwing', 25)"
flat,752,"('flat', 25)"
plaster,773,"('plaster', 25)"
cell phones,790,"('cell phones', 25)"
dead,2065,"('dead', 25)"
nature,854,"('nature', 25)"
hanging,2041,"('hanging', 25)"
rabbit,1010,"('rabbit', 25)"
chandelier,1028,"('chandelier', 25)"
12:30,1073,"('12:30', 25)"
on tower,965,"('on tower', 25)"
ferry,1166,"('ferry', 25)"
in back,3038,"('in back', 25)"
stickers,1195,"('stickers', 25)"
theater,1301,"('theater', 25)"
privacy,2278,"('privacy', 25)"
goats,1412,"('goats', 25)"
coal,1435,"('coal', 25)"
mexico,1653,"('mexico', 25)"
vases,1680,"('vases', 25)"
mug,1694,"('mug', 25)"
traffic light,1733,"('traffic light', 25)"
gas station,1881,"('gas station', 25)"
yield,1885,"('yield', 25)"
pavement,1137,"('pavement', 25)"
news,2186,"('news', 25)"
sedan,2211,"('sedan', 25)"
casserole,2229,"('casserole', 25)"
very tall,1103,"('very tall', 25)"
2011,2309,"('2011', 25)"
below,2389,"('below', 25)"
ibm,2710,"('ibm', 25)"
tusks,2634,"('tusks', 25)"
ski pole,155,"('ski pole', 24)"
toaster oven,184,"('toaster oven', 24)"
bunk,2060,"('bunk', 24)"
los angeles,368,"('los angeles', 24)"
power,858,"('power', 24)"
playing soccer,473,"('playing soccer', 24)"
toaster,515,"('toaster', 24)"
trailer,555,"('trailer', 24)"
celery,617,"('celery', 24)"
blueberries,627,"('blueberries', 24)"
track,2321,"('track', 24)"
12:15,754,"('12:15', 24)"
on chair,1089,"('on chair', 24)"
chiquita,1186,"('chiquita', 24)"
6 inches,1261,"('6 inches', 24)"
they aren't,2324,"(""they aren't"", 24)"
volkswagen,1373,"('volkswagen', 24)"
sleep,1256,"('sleep', 24)"
toothpaste,2079,"('toothpaste', 24)"
cut,1553,"('cut', 24)"
ge,2574,"('ge', 24)"
bathing,1603,"('bathing', 24)"
for sale,1622,"('for sale', 24)"
xbox,1854,"('xbox', 24)"
bud light,1720,"('bud light', 24)"
red white blue,1492,"('red white blue', 24)"
pointing,1873,"('pointing', 24)"
dishwasher,1892,"('dishwasher', 24)"
backhand,2433,"('backhand', 24)"
sunflower,2138,"('sunflower', 24)"
arabic,2034,"('arabic', 24)"
foot,2300,"('foot', 24)"
drinks,2534,"('drinks', 24)"
geese,2508,"('geese', 24)"
iron,2585,"('iron', 24)"
1:05,2734,"('1:05', 24)"
town,294,"('town', 23)"
riding bike,329,"('riding bike', 23)"
name,814,"('name', 23)"
meter,1391,"('meter', 23)"
costume,694,"('costume', 23)"
staring,1548,"('staring', 23)"
barbed wire,635,"('barbed wire', 23)"
stroller,857,"('stroller', 23)"
british airways,885,"('british airways', 23)"
cord,1744,"('cord', 23)"
heat,2474,"('heat', 23)"
towards,981,"('towards', 23)"
2 hours,2430,"('2 hours', 23)"
ride,1085,"('ride', 23)"
feeding,2017,"('feeding', 23)"
orange and black,1110,"('orange and black', 23)"
map,1241,"('map', 23)"
papers,1250,"('papers', 23)"
2:35,1305,"('2:35', 23)"
ears,1310,"('ears', 23)"
to right,1313,"('to right', 23)"
piano,1342,"('piano', 23)"
shearing,1458,"('shearing', 23)"
stars,1485,"('stars', 23)"
l,2511,"('l', 23)"
tablet,1665,"('tablet', 23)"
fern,1666,"('fern', 23)"
sports,1687,"('sports', 23)"
ivy,1791,"('ivy', 23)"
shopping,2694,"('shopping', 23)"
tools,2711,"('tools', 23)"
nuts,1894,"('nuts', 23)"
boogie board,1915,"('boogie board', 23)"
350,2228,"('350', 23)"
circles,2000,"('circles', 23)"
steps,2518,"('steps', 23)"
seattle,2143,"('seattle', 23)"
5:00,2164,"('5:00', 23)"
florida,1423,"('florida', 23)"
cupcakes,2284,"('cupcakes', 23)"
hard,2477,"('hard', 23)"
salt,2523,"('salt', 23)"
knee pads,2532,"('knee pads', 23)"
tokyo,2576,"('tokyo', 23)"
radiator,2778,"('radiator', 23)"
pancakes,2797,"('pancakes', 23)"
elm,64,"('elm', 22)"
cupcake,172,"('cupcake', 22)"
polka dot,262,"('polka dot', 22)"
southwest,291,"('southwest', 22)"
deep,1898,"('deep', 22)"
air france,423,"('air france', 22)"
3:55,427,"('3:55', 22)"
fluorescent,469,"('fluorescent', 22)"
turn,476,"('turn', 22)"
poster,566,"('poster', 22)"
70,588,"('70', 22)"
vans,795,"('vans', 22)"
cookie,820,"('cookie', 22)"
bridle,879,"('bridle', 22)"
loading,1509,"('loading', 22)"
chain,1043,"('chain', 22)"
moss,2045,"('moss', 22)"
in car,1062,"('in car', 22)"
wii remotes,1064,"('wii remotes', 22)"
waving,2129,"('waving', 22)"
avocado,1132,"('avocado', 22)"
coach,1708,"('coach', 22)"
top right,1210,"('top right', 22)"
pilot,1269,"('pilot', 22)"
fruits,1290,"('fruits', 22)"
ship,1331,"('ship', 22)"
green and red,2340,"('green and red', 22)"
tire,1777,"('tire', 22)"
2009,2232,"('2009', 22)"
jockey,1486,"('jockey', 22)"
snowboards,1539,"('snowboards', 22)"
post,2526,"('post', 22)"
above sink,1555,"('above sink', 22)"
grilled,1567,"('grilled', 22)"
aluminum,1955,"('aluminum', 22)"
school bus,1584,"('school bus', 22)"
pastry,2195,"('pastry', 22)"
all of them,2372,"('all of them', 22)"
khaki,1673,"('khaki', 22)"
balls,1689,"('balls', 22)"
motocross,1714,"('motocross', 22)"
formal,2188,"('formal', 22)"
lamb,2005,"('lamb', 22)"
windy,1803,"('windy', 22)"
yellow and green,1810,"('yellow and green', 22)"
lanyard,2214,"('lanyard', 22)"
man's,1817,"(""man's"", 22)"
grizzly,2484,"('grizzly', 22)"
mercedes benz,1174,"('mercedes benz', 22)"
5:40,2991,"('5:40', 22)"
52,2013,"('52', 22)"
hawk,2031,"('hawk', 22)"
behind fence,2043,"('behind fence', 22)"
teeth,2102,"('teeth', 22)"
mud,2133,"('mud', 22)"
cartoon,2149,"('cartoon', 22)"
11:45,2580,"('11:45', 22)"
kayak,2265,"('kayak', 22)"
money,2332,"('money', 22)"
polka dots,2383,"('polka dots', 22)"
leaving,2836,"('leaving', 22)"
lg,2398,"('lg', 22)"
lime,2118,"('lime', 22)"
in,742,"('in', 22)"
broadway,2626,"('broadway', 22)"
n,2687,"('n', 22)"
sushi,2718,"('sushi', 22)"
tent,1335,"('tent', 21)"
never,346,"('never', 21)"
skating,968,"('skating', 21)"
clip,2191,"('clip', 21)"
6 feet,2030,"('6 feet', 21)"
ties,2273,"('ties', 21)"
lady,2404,"('lady', 21)"
top left,834,"('top left', 21)"
denim,915,"('denim', 21)"
for fun,917,"('for fun', 21)"
snowboarder,1020,"('snowboarder', 21)"
club,1446,"('club', 21)"
bottom right,1067,"('bottom right', 21)"
9:20,1291,"('9:20', 21)"
swing,2740,"('swing', 21)"
ipod,1363,"('ipod', 21)"
safari,1371,"('safari', 21)"
shelves,1376,"('shelves', 21)"
mustache,1436,"('mustache', 21)"
colgate,1540,"('colgate', 21)"
above stove,1556,"('above stove', 21)"
against wall,1605,"('against wall', 21)"
curly,1625,"('curly', 21)"
blackberry,1659,"('blackberry', 21)"
taking pictures,2312,"('taking pictures', 21)"
buses,2579,"('buses', 21)"
seeds,1841,"('seeds', 21)"
fly kite,1842,"('fly kite', 21)"
doll,1889,"('doll', 21)"
fog,1938,"('fog', 21)"
octopus,2623,"('octopus', 21)"
salmon,2039,"('salmon', 21)"
cooked,2053,"('cooked', 21)"
pocket,2517,"('pocket', 21)"
towing,2303,"('towing', 21)"
helicopter,2132,"('helicopter', 21)"
hamburger,2173,"('hamburger', 21)"
bib,2279,"('bib', 21)"
cheesecake,2304,"('cheesecake', 21)"
menu,2347,"('menu', 21)"
furniture,2354,"('furniture', 21)"
43,2390,"('43', 21)"
hoodie,2445,"('hoodie', 21)"
adults,2456,"('adults', 21)"
5:05,2876,"('5:05', 21)"
lid,2607,"('lid', 21)"
amtrak,2610,"('amtrak', 21)"
ostrich,2612,"('ostrich', 21)"
trucks,2814,"('trucks', 21)"
horse racing,2831,"('horse racing', 21)"
10 years,47,"('10 years', 20)"
herding,177,"('herding', 20)"
street light,325,"('street light', 20)"
brushing,206,"('brushing', 20)"
pink and yellow,247,"('pink and yellow', 20)"
container,297,"('container', 20)"
strap,327,"('strap', 20)"
tape,344,"('tape', 20)"
conference,1427,"('conference', 20)"
visibility,1645,"('visibility', 20)"
very high,693,"('very high', 20)"
36,731,"('36', 20)"
kid,1390,"('kid', 20)"
radio,842,"('radio', 20)"
no number,877,"('no number', 20)"
angels,925,"('angels', 20)"
brace,975,"('brace', 20)"
asparagus,1006,"('asparagus', 20)"
100 feet,150,"('100 feet', 20)"
going,1076,"('going', 20)"
pony,1135,"('pony', 20)"
fly,1315,"('fly', 20)"
diamonds,1140,"('diamonds', 20)"
smaller,1883,"('smaller', 20)"
hood,1155,"('hood', 20)"
toward,1169,"('toward', 20)"
37,1203,"('37', 20)"
transport,1204,"('transport', 20)"
display,1244,"('display', 20)"
53,1265,"('53', 20)"
heels,1296,"('heels', 20)"
burger,1322,"('burger', 20)"
h,1389,"('h', 20)"
robin,1430,"('robin', 20)"
pedestrians,1438,"('pedestrians', 20)"
tongue,1495,"('tongue', 20)"
space,2217,"('space', 20)"
dalmatian,1558,"('dalmatian', 20)"
street name,2313,"('street name', 20)"
cafe,2076,"('cafe', 20)"
volvo,2664,"('volvo', 20)"
normal,2998,"('normal', 20)"
42,1703,"('42', 20)"
12:05,1759,"('12:05', 20)"
8 feet,1866,"('8 feet', 20)"
phillies,1870,"('phillies', 20)"
farmer,1874,"('farmer', 20)"
maroon,2989,"('maroon', 20)"
canoe,1949,"('canoe', 20)"
climbing,2007,"('climbing', 20)"
fried,2961,"('fried', 20)"
tissues,2127,"('tissues', 20)"
exit,2748,"('exit', 20)"
blue and gray,2280,"('blue and gray', 20)"
delivery,2808,"('delivery', 20)"
white and orange,2112,"('white and orange', 20)"
apartments,2885,"('apartments', 20)"
website,1274,"('website', 19)"
referee,95,"('referee', 19)"
12:55,196,"('12:55', 19)"
1950s,258,"('1950s', 19)"
magazines,381,"('magazines', 19)"
court,391,"('court', 19)"
2:20,401,"('2:20', 19)"
green and blue,1569,"('green and blue', 19)"
cirrus,466,"('cirrus', 19)"
10:10,519,"('10:10', 19)"
rugby,538,"('rugby', 19)"
on couch,600,"('on couch', 19)"
players,2027,"('players', 19)"
broke,3054,"('broke', 19)"
on his head,717,"('on his head', 19)"
buffalo,1939,"('buffalo', 19)"
bleachers,846,"('bleachers', 19)"
christmas tree,896,"('christmas tree', 19)"
curb,2109,"('curb', 19)"
f,924,"('f', 19)"
fisheye,944,"('fisheye', 19)"
curved,970,"('curved', 19)"
65,2895,"('65', 19)"
cabinets,1003,"('cabinets', 19)"
relish,1031,"('relish', 19)"
in middle,1041,"('in middle', 19)"
paddle boarding,1081,"('paddle boarding', 19)"
goalie,1142,"('goalie', 19)"
platform,1177,"('platform', 19)"
peach,1183,"('peach', 19)"
no sign,1943,"('no sign', 19)"
9:45,1199,"('9:45', 19)"
sweat,1200,"('sweat', 19)"
grapefruit,1215,"('grapefruit', 19)"
boarding,1243,"('boarding', 19)"
red bull,1268,"('red bull', 19)"
75,1357,"('75', 19)"
bamboo,1383,"('bamboo', 19)"
landscape,1445,"('landscape', 19)"
chevrolet,1474,"('chevrolet', 19)"
healthy,2974,"('healthy', 19)"
10:00,1661,"('10:00', 19)"
rooster,1702,"('rooster', 19)"
magazine,1716,"('magazine', 19)"
lexus,1726,"('lexus', 19)"
coffee maker,1277,"('coffee maker', 19)"
riding horse,2413,"('riding horse', 19)"
macaroni,2952,"('macaroni', 19)"
nissan,1987,"('nissan', 19)"
north face,1993,"('north face', 19)"
labrador,1808,"('labrador', 19)"
close,2994,"('close', 19)"
painted,2082,"('painted', 19)"
4:20,2158,"('4:20', 19)"
tub,2167,"('tub', 19)"
bank,2276,"('bank', 19)"
garden,2286,"('garden', 19)"
bow tie,2306,"('bow tie', 19)"
80,2338,"('80', 19)"
game controller,2454,"('game controller', 19)"
no left turn,2926,"('no left turn', 19)"
41,2478,"('41', 19)"
hitting ball,2492,"('hitting ball', 19)"
curious,2505,"('curious', 19)"
overalls,2601,"('overalls', 19)"
budweiser,2642,"('budweiser', 19)"
end,2872,"('end', 19)"
older,3027,"('older', 19)"
comcast,3080,"('comcast', 19)"
tulip,2979,"('tulip', 19)"
thick,86,"('thick', 18)"
ski resort,285,"('ski resort', 18)"
smartphone,1530,"('smartphone', 18)"
in field,1902,"('in field', 18)"
in hand,2487,"('in hand', 18)"
motion,404,"('motion', 18)"
toilets,2688,"('toilets', 18)"
tiles,890,"('tiles', 18)"
protest,496,"('protest', 18)"
bats,573,"('bats', 18)"
veggies,3050,"('veggies', 18)"
cage,1005,"('cage', 18)"
4:30,675,"('4:30', 18)"
1:55,2525,"('1:55', 18)"
green and orange,864,"('green and orange', 18)"
in sky,869,"('in sky', 18)"
wallpaper,2139,"('wallpaper', 18)"
sliding,983,"('sliding', 18)"
makeup,984,"('makeup', 18)"
stopping,999,"('stopping', 18)"
analog,1077,"('analog', 18)"
1:30,1170,"('1:30', 18)"
gatorade,1201,"('gatorade', 18)"
lamps,1222,"('lamps', 18)"
3:20,1286,"('3:20', 18)"
tablecloth,1364,"('tablecloth', 18)"
horseback riding,1760,"('horseback riding', 18)"
alaska,1494,"('alaska', 18)"
king,1580,"('king', 18)"
tuna,1565,"('tuna', 18)"
canopy,1606,"('canopy', 18)"
robe,1630,"('robe', 18)"
throwing frisbee,1635,"('throwing frisbee', 18)"
arriving,1677,"('arriving', 18)"
jesus,2583,"('jesus', 18)"
vacation,1801,"('vacation', 18)"
detroit,1816,"('detroit', 18)"
goose,1865,"('goose', 18)"
ear,1908,"('ear', 18)"
shirts,2385,"('shirts', 18)"
picnic,1937,"('picnic', 18)"
antique,1954,"('antique', 18)"
wiimote,2560,"('wiimote', 18)"
hazy,2364,"('hazy', 18)"
ketchup and mustard,2028,"('ketchup and mustard', 18)"
dirt bike,2771,"('dirt bike', 18)"
dragon,2126,"('dragon', 18)"
11:20,2141,"('11:20', 18)"
urinal,2148,"('urinal', 18)"
maple leaf,2714,"('maple leaf', 18)"
crown,2239,"('crown', 18)"
mound,2242,"('mound', 18)"
jetblue,2267,"('jetblue', 18)"
main street,2317,"('main street', 18)"
brushing hair,2336,"('brushing hair', 18)"
pizza hut,2356,"('pizza hut', 18)"
direction,2440,"('direction', 18)"
gone,2669,"('gone', 18)"
6:00,2479,"('6:00', 18)"
backwards,2495,"('backwards', 18)"
peeing,2549,"('peeing', 18)"
stopped,2563,"('stopped', 18)"
2:50,2615,"('2:50', 18)"
4 feet,1141,"('4 feet', 18)"
sweatshirt,2888,"('sweatshirt', 18)"
sniffing,3007,"('sniffing', 18)"
driveway,2804,"('driveway', 18)"
1:50,162,"('1:50', 17)"
11:55,186,"('11:55', 17)"
swim trunks,1897,"('swim trunks', 17)"
rackets,253,"('rackets', 17)"
motel,302,"('motel', 17)"
48,1746,"('48', 17)"
iphone,414,"('iphone', 17)"
microsoft,1921,"('microsoft', 17)"
klm,543,"('klm', 17)"
holding it,557,"('holding it', 17)"
3:25,564,"('3:25', 17)"
semi,619,"('semi', 17)"
lighting,697,"('lighting', 17)"
dining,2635,"('dining', 17)"
china airlines,768,"('china airlines', 17)"
on bench,772,"('on bench', 17)"
ping pong,799,"('ping pong', 17)"
sub,866,"('sub', 17)"
on sign,2984,"('on sign', 17)"
2008,907,"('2008', 17)"
hummingbird,993,"('hummingbird', 17)"
1st,1013,"('1st', 17)"
poor,1051,"('poor', 17)"
index,1869,"('index', 17)"
foreground,766,"('foreground', 17)"
supreme,1175,"('supreme', 17)"
kickstand,1253,"('kickstand', 17)"
footprints,1257,"('footprints', 17)"
in vase,1321,"('in vase', 17)"
toothpick,1447,"('toothpick', 17)"
bowtie,1449,"('bowtie', 17)"
blinders,1454,"('blinders', 17)"
fair,2805,"('fair', 17)"
across street,1529,"('across street', 17)"
paris,1533,"('paris', 17)"
police officer,2310,"('police officer', 17)"
in box,1613,"('in box', 17)"
valentine's day,1671,"(""valentine's day"", 17)"
hawaii,2501,"('hawaii', 17)"
player,1676,"('player', 17)"
cool,2686,"('cool', 17)"
multi colored,2565,"('multi colored', 17)"
continental,1764,"('continental', 17)"
trick,1806,"('trick', 17)"
mouse pad,1834,"('mouse pad', 17)"
bone,2376,"('bone', 17)"
pumpkin,1837,"('pumpkin', 17)"
rocky,1847,"('rocky', 17)"
wheels,1904,"('wheels', 17)"
clocks,1935,"('clocks', 17)"
5 years,1007,"('5 years', 17)"
intersection,2494,"('intersection', 17)"
flour,1962,"('flour', 17)"
himself,1999,"('himself', 17)"
american flag,2006,"('american flag', 17)"
run,1344,"('run', 17)"
fighting,1722,"('fighting', 17)"
shower curtain,2037,"('shower curtain', 17)"
dole,2422,"('dole', 17)"
baseball glove,1453,"('baseball glove', 17)"
coins,2452,"('coins', 17)"
smooth,2097,"('smooth', 17)"
39,2108,"('39', 17)"
gravy,2114,"('gravy', 17)"
peacock,2122,"('peacock', 17)"
pee,2381,"('pee', 17)"
out of focus,2206,"('out of focus', 17)"
pajamas,2227,"('pajamas', 17)"
2:15,2246,"('2:15', 17)"
concentration,2262,"('concentration', 17)"
britain,2272,"('britain', 17)"
calendar,2392,"('calendar', 17)"
jets,2531,"('jets', 17)"
leopard,2535,"('leopard', 17)"
singing,2904,"('singing', 17)"
dad,1459,"('dad', 17)"
singles,2584,"('singles', 17)"
he's not,2608,"(""he's not"", 17)"
crib,2624,"('crib', 17)"
playing video game,2702,"('playing video game', 17)"
miami,2839,"('miami', 17)"
gun,2791,"('gun', 17)"
pm,2848,"('pm', 17)"
city bus,2878,"('city bus', 17)"
shore,2889,"('shore', 17)"
suzuki,2968,"('suzuki', 17)"
evergreen,149,"('evergreen', 16)"
mother,1654,"('mother', 16)"
digital,3074,"('digital', 16)"
spectators,274,"('spectators', 16)"
crow,380,"('crow', 16)"
66,407,"('66', 16)"
mickey mouse,691,"('mickey mouse', 16)"
russian,1522,"('russian', 16)"
12 feet,450,"('12 feet', 16)"
cane,508,"('cane', 16)"
welcome,522,"('welcome', 16)"
hose,562,"('hose', 16)"
photograph,592,"('photograph', 16)"
homemade,603,"('homemade', 16)"
scania,621,"('scania', 16)"
raw,1042,"('raw', 16)"
forks,720,"('forks', 16)"
festival,734,"('festival', 16)"
circus,737,"('circus', 16)"
300,770,"('300', 16)"
rust,792,"('rust', 16)"
7:25,793,"('7:25', 16)"
laughing,805,"('laughing', 16)"
frame,1845,"('frame', 16)"
11:00,1907,"('11:00', 16)"
croissant,818,"('croissant', 16)"
thanksgiving,841,"('thanksgiving', 16)"
on toilet,844,"('on toilet', 16)"
uniforms,860,"('uniforms', 16)"
teal,2078,"('teal', 16)"
olympics,911,"('olympics', 16)"
leaf,943,"('leaf', 16)"
war,946,"('war', 16)"
squatting,976,"('squatting', 16)"
in grass,2189,"('in grass', 16)"
on laptop,2667,"('on laptop', 16)"
colorado,2023,"('colorado', 16)"
security,1172,"('security', 16)"
braves,1156,"('braves', 16)"
10:55,2451,"('10:55', 16)"
over,1213,"('over', 16)"
movement,2737,"('movement', 16)"
rubber,1280,"('rubber', 16)"
leg,1300,"('leg', 16)"
moon,1426,"('moon', 16)"
traffic lights,2969,"('traffic lights', 16)"
he isn't,1478,"(""he isn't"", 16)"
surprise,1515,"('surprise', 16)"
cobblestone,1546,"('cobblestone', 16)"
5:25,1561,"('5:25', 16)"
sunflowers,1570,"('sunflowers', 16)"
pc,1588,"('pc', 16)"
student,2346,"('student', 16)"
left and right,1656,"('left and right', 16)"
button,1657,"('button', 16)"
kitesurfing,1717,"('kitesurfing', 16)"
catholic,1731,"('catholic', 16)"
tigers,2575,"('tigers', 16)"
far right,1776,"('far right', 16)"
focus,1787,"('focus', 16)"
rough,1800,"('rough', 16)"
rowing,1838,"('rowing', 16)"
to see,2516,"('to see', 16)"
frog,1913,"('frog', 16)"
listening,1624,"('listening', 16)"
license plate,2995,"('license plate', 16)"
120,1973,"('120', 16)"
dead end,1977,"('dead end', 16)"
stadium,2948,"('stadium', 16)"
baskets,2543,"('baskets', 16)"
brand,2058,"('brand', 16)"
coleslaw,2061,"('coleslaw', 16)"
sail,1974,"('sail', 16)"
on train,2107,"('on train', 16)"
tow,2110,"('tow', 16)"
bookshelf,2144,"('bookshelf', 16)"
11:35,2198,"('11:35', 16)"
jelly,2571,"('jelly', 16)"
practice,2845,"('practice', 16)"
g,2244,"('g', 16)"
3:10,2247,"('3:10', 16)"
home plate,2294,"('home plate', 16)"
canon,2366,"('canon', 16)"
feeder,2386,"('feeder', 16)"
metro,2435,"('metro', 16)"
mohawk,2442,"('mohawk', 16)"
106,2450,"('106', 16)"
sprite,2470,"('sprite', 16)"
captivity,2655,"('captivity', 16)"
crocs,2496,"('crocs', 16)"
lemons,2557,"('lemons', 16)"
residential,2594,"('residential', 16)"
ram,2603,"('ram', 16)"
hammer time,2622,"('hammer time', 16)"
packing,2636,"('packing', 16)"
chili,2652,"('chili', 16)"
camo,2768,"('camo', 16)"
foam,2793,"('foam', 16)"
flip,2946,"('flip', 16)"
ripe,3024,"('ripe', 16)"
black and gray,2650,"('black and gray', 16)"
donkey,2937,"('donkey', 16)"
shadows,147,"('shadows', 15)"
nightstand,180,"('nightstand', 15)"
knife and fork,209,"('knife and fork', 15)"
jackets,313,"('jackets', 15)"
weather vane,364,"('weather vane', 15)"
humans,669,"('humans', 15)"
cutting hair,579,"('cutting hair', 15)"
living,2782,"('living', 15)"
dinosaur,388,"('dinosaur', 15)"
john,2723,"('john', 15)"
2007,1909,"('2007', 15)"
second,412,"('second', 15)"
cantaloupe,434,"('cantaloupe', 15)"
flickr,578,"('flickr', 15)"
haircut,2745,"('haircut', 15)"
pond,615,"('pond', 15)"
savannah,616,"('savannah', 15)"
comfort,666,"('comfort', 15)"
tying tie,2672,"('tying tie', 15)"
cactus,780,"('cactus', 15)"
vegetarian,782,"('vegetarian', 15)"
9:30,798,"('9:30', 15)"
floating,1952,"('floating', 15)"
tarmac,2081,"('tarmac', 15)"
warmth,3012,"('warmth', 15)"
faucet,863,"('faucet', 15)"
happiness,963,"('happiness', 15)"
pirates,987,"('pirates', 15)"
11:30,995,"('11:30', 15)"
buoy,1098,"('buoy', 15)"
mother and child,2325,"('mother and child', 15)"
apple and banana,2810,"('apple and banana', 15)"
10:05,1184,"('10:05', 15)"
knives,1190,"('knives', 15)"
yogurt,1196,"('yogurt', 15)"
hearts,1672,"('hearts', 15)"
confused,1228,"('confused', 15)"
blue jay,1231,"('blue jay', 15)"
shoulder,1255,"('shoulder', 15)"
1990,1259,"('1990', 15)"
tongs,1281,"('tongs', 15)"
concert,2399,"('concert', 15)"
pipes,2936,"('pipes', 15)"
sepia,1351,"('sepia', 15)"
busy,1353,"('busy', 15)"
caucasian,1395,"('caucasian', 15)"
k,1497,"('k', 15)"
men's,1545,"(""men's"", 15)"
couple,2095,"('couple', 15)"
shell,1576,"('shell', 15)"
mat,1790,"('mat', 15)"
play tennis,1626,"('play tennis', 15)"
hiding,3020,"('hiding', 15)"
trains,1634,"('trains', 15)"
show,1699,"('show', 15)"
earrings,1658,"('earrings', 15)"
coming,1683,"('coming', 15)"
team,1692,"('team', 15)"
sailing,2568,"('sailing', 15)"
coats,2403,"('coats', 15)"
wine glasses,1815,"('wine glasses', 15)"
lanes,1877,"('lanes', 15)"
harbor,2593,"('harbor', 15)"
logs,1882,"('logs', 15)"
doubles,1900,"('doubles', 15)"
baking,1905,"('baking', 15)"
drain,3049,"('drain', 15)"
castle,1948,"('castle', 15)"
indoor,1953,"('indoor', 15)"
sticker,1988,"('sticker', 15)"
san diego,2001,"('san diego', 15)"
eaten,2018,"('eaten', 15)"
serious,2794,"('serious', 15)"
hills,2091,"('hills', 15)"
pedestrian,1929,"('pedestrian', 15)"
hit,2125,"('hit', 15)"
d,2491,"('d', 15)"
1:20,2156,"('1:20', 15)"
90,2183,"('90', 15)"
clydesdale,2233,"('clydesdale', 15)"
3:15,2263,"('3:15', 15)"
looking out window,2281,"('looking out window', 15)"
kneeling,2614,"('kneeling', 15)"
base,2295,"('base', 15)"
11:25,3062,"('11:25', 15)"
catch ball,2318,"('catch ball', 15)"
mario,2319,"('mario', 15)"
11:10,2646,"('11:10', 15)"
hiking,2343,"('hiking', 15)"
1:15,3008,"('1:15', 15)"
nursing,2378,"('nursing', 15)"
above toilet,2387,"('above toilet', 15)"
spoons,2391,"('spoons', 15)"
lace,2600,"('lace', 15)"
10:30,2410,"('10:30', 15)"
conductor,2464,"('conductor', 15)"
no 1,413,"('no 1', 15)"
uk,2596,"('uk', 15)"
3:30,2747,"('3:30', 15)"
siblings,2653,"('siblings', 15)"
recently,778,"('recently', 15)"
pacific,2681,"('pacific', 15)"
keys,2864,"('keys', 15)"
batman,2698,"('batman', 15)"
cherries,2713,"('cherries', 15)"
globe,2721,"('globe', 15)"
tim hortons,2750,"('tim hortons', 15)"
classroom,2589,"('classroom', 15)"
raspberries,2903,"('raspberries', 15)"
drying,3061,"('drying', 15)"
wetsuits,2849,"('wetsuits', 15)"
life jacket,2855,"('life jacket', 15)"
smiley face,2862,"('smiley face', 15)"
on bus,2905,"('on bus', 15)"
us airways,3095,"('us airways', 15)"
hot sauce,305,"('hot sauce', 14)"
brazil,399,"('brazil', 14)"
pasture,1499,"('pasture', 14)"
2.00,489,"('2.00', 14)"
left side,3058,"('left side', 14)"
toshiba,589,"('toshiba', 14)"
remote control,1326,"('remote control', 14)"
catch,634,"('catch', 14)"
kissing,2432,"('kissing', 14)"
shepherd,713,"('shepherd', 14)"
liquor,862,"('liquor', 14)"
next to toilet,807,"('next to toilet', 14)"
on woman,2256,"('on woman', 14)"
handlebars,927,"('handlebars', 14)"
single,958,"('single', 14)"
v,2666,"('v', 14)"
ollie,994,"('ollie', 14)"
2 years,2587,"('2 years', 14)"
hanger,1008,"('hanger', 14)"
rear,1058,"('rear', 14)"
target,2722,"('target', 14)"
boxer,1102,"('boxer', 14)"
benches,1129,"('benches', 14)"
speakers,1134,"('speakers', 14)"
remotes,1153,"('remotes', 14)"
2:00,1187,"('2:00', 14)"
blood,1299,"('blood', 14)"
feeding giraffe,1320,"('feeding giraffe', 14)"
still,1340,"('still', 14)"
down street,2308,"('down street', 14)"
take off,2843,"('take off', 14)"
51,1910,"('51', 14)"
under,2542,"('under', 14)"
virgin,1404,"('virgin', 14)"
hawaiian,1420,"('hawaiian', 14)"
drive,1721,"('drive', 14)"
reds,1424,"('reds', 14)"
roll,1433,"('roll', 14)"
stuffed,1456,"('stuffed', 14)"
throw frisbee,2533,"('throw frisbee', 14)"
camping,1498,"('camping', 14)"
christian,2942,"('christian', 14)"
blankets,1527,"('blankets', 14)"
palm tree,1771,"('palm tree', 14)"
on sink,1597,"('on sink', 14)"
smoking,1636,"('smoking', 14)"
riding motorcycle,1652,"('riding motorcycle', 14)"
catch frisbee,1719,"('catch frisbee', 14)"
prom,2359,"('prom', 14)"
fast food,1729,"('fast food', 14)"
finger,3110,"('finger', 14)"
grocery,1736,"('grocery', 14)"
2:25,1738,"('2:25', 14)"
awake,1761,"('awake', 14)"
56,1773,"('56', 14)"
branches,1828,"('branches', 14)"
zucchini,1831,"('zucchini', 14)"
dancing,2604,"('dancing', 14)"
1:35,1858,"('1:35', 14)"
biker,1879,"('biker', 14)"
persian,1896,"('persian', 14)"
4:15,1906,"('4:15', 14)"
sweatband,1220,"('sweatband', 14)"
orchid,2832,"('orchid', 14)"
fashion,1964,"('fashion', 14)"
baseball player,2059,"('baseball player', 14)"
styrofoam,2029,"('styrofoam', 14)"
machine,2051,"('machine', 14)"
tires,2074,"('tires', 14)"
powdered sugar,2098,"('powdered sugar', 14)"
wheelchair,2331,"('wheelchair', 14)"
46,411,"('46', 14)"
iris,2243,"('iris', 14)"
washing,2251,"('washing', 14)"
notebook,2528,"('notebook', 14)"
no smoking,2264,"('no smoking', 14)"
no cat,2529,"('no cat', 14)"
meeting,2819,"('meeting', 14)"
fancy,2327,"('fancy', 14)"
pink and blue,2582,"('pink and blue', 14)"
shih tzu,2960,"('shih tzu', 14)"
paisley,2355,"('paisley', 14)"
2:10,2371,"('2:10', 14)"
shaking hands,2573,"('shaking hands', 14)"
railroad crossing,2384,"('railroad crossing', 14)"
in his hand,2480,"('in his hand', 14)"
chest,2545,"('chest', 14)"
sled,2462,"('sled', 14)"
emergency,2475,"('emergency', 14)"
ski slope,2476,"('ski slope', 14)"
harry potter,2500,"('harry potter', 14)"
roundabout,3045,"('roundabout', 14)"
penguin,2515,"('penguin', 14)"
horizontally,2775,"('horizontally', 14)"
joshua,2595,"('joshua', 14)"
47,2605,"('47', 14)"
disney,2958,"('disney', 14)"
dodge,2405,"('dodge', 14)"
dachshund,2665,"('dachshund', 14)"
decorative,1419,"('decorative', 14)"
legos,2704,"('legos', 14)"
drinking water,2705,"('drinking water', 14)"
controllers,2759,"('controllers', 14)"
flip phone,2788,"('flip phone', 14)"
cleaner,2806,"('cleaner', 14)"
64,2817,"('64', 14)"
7:00,2820,"('7:00', 14)"
it isn't,2176,"(""it isn't"", 14)"
hardwood,1385,"('hardwood', 14)"
skate,2900,"('skate', 14)"
4:50,2956,"('4:50', 14)"
49,3096,"('49', 14)"
raft,39,"('raft', 13)"
8:00,97,"('8:00', 13)"
peanuts,2558,"('peanuts', 13)"
biplane,397,"('biplane', 13)"
night time,403,"('night time', 13)"
not at all,650,"('not at all', 13)"
tank,485,"('tank', 13)"
corona,497,"('corona', 13)"
pipe,629,"('pipe', 13)"
all way,2292,"('all way', 13)"
side of road,1518,"('side of road', 13)"
air conditioner,699,"('air conditioner', 13)"
goatee,716,"('goatee', 13)"
cycling,2691,"('cycling', 13)"
women's,743,"(""women's"", 13)"
no man,745,"('no man', 13)"
barrel,753,"('barrel', 13)"
atv,756,"('atv', 13)"
swimsuit,764,"('swimsuit', 13)"
factory,914,"('factory', 13)"
shut,827,"('shut', 13)"
in snow,1798,"('in snow', 13)"
tarp,870,"('tarp', 13)"
don't walk,2588,"(""don't walk"", 13)"
quilt,1026,"('quilt', 13)"
burton,895,"('burton', 13)"
raspberry,948,"('raspberry', 13)"
antelope,966,"('antelope', 13)"
10:40,2040,"('10:40', 13)"
pedestal,1045,"('pedestal', 13)"
frisbees,1072,"('frisbees', 13)"
train tracks,847,"('train tracks', 13)"
crafts,1116,"('crafts', 13)"
gaming,1146,"('gaming', 13)"
400,2489,"('400', 13)"
on fridge,1225,"('on fridge', 13)"
high chair,1852,"('high chair', 13)"
tunnel,1258,"('tunnel', 13)"
tourist,2834,"('tourist', 13)"
4:00,1276,"('4:00', 13)"
balloons,1289,"('balloons', 13)"
drawer,1292,"('drawer', 13)"
island,1298,"('island', 13)"
2015,1352,"('2015', 13)"
food truck,1368,"('food truck', 13)"
lifeguard,1859,"('lifeguard', 13)"
chains,1409,"('chains', 13)"
pirate,2320,"('pirate', 13)"
yarn,1469,"('yarn', 13)"
taking selfie,1476,"('taking selfie', 13)"
pear,2428,"('pear', 13)"
9:05,2934,"('9:05', 13)"
grind,1552,"('grind', 13)"
heater,1602,"('heater', 13)"
seafood,1612,"('seafood', 13)"
lizard,1616,"('lizard', 13)"
balloon,1706,"('balloon', 13)"
teacher,2463,"('teacher', 13)"
very old,1724,"('very old', 13)"
5:45,1730,"('5:45', 13)"
band,1734,"('band', 13)"
badminton,2868,"('badminton', 13)"
upside down,2761,"('upside down', 13)"
jar,2897,"('jar', 13)"
control,1851,"('control', 13)"
graduation,1796,"('graduation', 13)"
cauliflower,1797,"('cauliflower', 13)"
closet,2069,"('closet', 13)"
placemat,1822,"('placemat', 13)"
feta,1832,"('feta', 13)"
cushion,2985,"('cushion', 13)"
strike,1871,"('strike', 13)"
victorian,428,"('victorian', 13)"
o,1899,"('o', 13)"
on man,1922,"('on man', 13)"
hugging,1925,"('hugging', 13)"
pedestrian crossing,2099,"('pedestrian crossing', 13)"
golden gate,1946,"('golden gate', 13)"
cover,1947,"('cover', 13)"
robot,1698,"('robot', 13)"
ups,3075,"('ups', 13)"
ladybug,2088,"('ladybug', 13)"
cucumbers,2752,"('cucumbers', 13)"
skull and crossbones,2008,"('skull and crossbones', 13)"
herd,2011,"('herd', 13)"
5:15,2025,"('5:15', 13)"
cheddar,2032,"('cheddar', 13)"
2:45,2330,"('2:45', 13)"
whole,2042,"('whole', 13)"
aa,2054,"('aa', 13)"
4 way,2056,"('4 way', 13)"
bike rack,845,"('bike rack', 13)"
red and gray,2136,"('red and gray', 13)"
jp morgan,2165,"('jp morgan', 13)"
palm trees,2166,"('palm trees', 13)"
pens,2168,"('pens', 13)"
used,2773,"('used', 13)"
thumbs up,2190,"('thumbs up', 13)"
bagel,2204,"('bagel', 13)"
sesame,2216,"('sesame', 13)"
tropical,2222,"('tropical', 13)"
drawing,2248,"('drawing', 13)"
grape,2540,"('grape', 13)"
white and yellow,867,"('white and yellow', 13)"
russia,2316,"('russia', 13)"
baseball game,2357,"('baseball game', 13)"
logitech,2370,"('logitech', 13)"
spiderman,2397,"('spiderman', 13)"
tour,2551,"('tour', 13)"
cameras,2458,"('cameras', 13)"
wine tasting,2541,"('wine tasting', 13)"
guitar hero,2561,"('guitar hero', 13)"
black and brown,2701,"('black and brown', 13)"
mall,2616,"('mall', 13)"
thomas,2641,"('thomas', 13)"
golf,2022,"('golf', 13)"
scale,2674,"('scale', 13)"
wireless,2729,"('wireless', 13)"
heineken,2798,"('heineken', 13)"
turn right,2902,"('turn right', 13)"
forehand,2348,"('forehand', 13)"
skiers,2821,"('skiers', 13)"
crest,2838,"('crest', 13)"
flood,2841,"('flood', 13)"
burrito,2706,"('burrito', 13)"
tie dye,2853,"('tie dye', 13)"
monster,2861,"('monster', 13)"
stretching,2892,"('stretching', 13)"
purple and white,2879,"('purple and white', 13)"
space needle,2916,"('space needle', 13)"
db,2922,"('db', 13)"
sunrise,2964,"('sunrise', 13)"
futon,3086,"('futon', 13)"
soon,3085,"('soon', 13)"
rolex,79,"('rolex', 12)"
syrup,349,"('syrup', 12)"
carnation,417,"('carnation', 12)"
steeple,429,"('steeple', 12)"
whale,490,"('whale', 12)"
professional,493,"('professional', 12)"
alive,550,"('alive', 12)"
water skis,551,"('water skis', 12)"
trunks,2815,"('trunks', 12)"
camel,595,"('camel', 12)"
4:35,599,"('4:35', 12)"
cat food,639,"('cat food', 12)"
produce,665,"('produce', 12)"
print,718,"('print', 12)"
very deep,763,"('very deep', 12)"
green and black,765,"('green and black', 12)"
stands,767,"('stands', 12)"
name tag,812,"('name tag', 12)"
not here,1970,"('not here', 12)"
multiple,3029,"('multiple', 12)"
dump truck,1018,"('dump truck', 12)"
cat and dog,1052,"('cat and dog', 12)"
fountain,1071,"('fountain', 12)"
white and pink,1082,"('white and pink', 12)"
thumb,1124,"('thumb', 12)"
feathers,1496,"('feathers', 12)"
toilet brush,1149,"('toilet brush', 12)"
pickup,1151,"('pickup', 12)"
thai,1179,"('thai', 12)"
mountain dew,1188,"('mountain dew', 12)"
desserts,1206,"('desserts', 12)"
tennis racquet,1302,"('tennis racquet', 12)"
turning,1307,"('turning', 12)"
glaze,1333,"('glaze', 12)"
1:45,1336,"('1:45', 12)"
throw,1346,"('throw', 12)"
looking at phone,1366,"('looking at phone', 12)"
age,1411,"('age', 12)"
mixer,1460,"('mixer', 12)"
on car,2547,"('on car', 12)"
sunbathing,1457,"('sunbathing', 12)"
tube,1470,"('tube', 12)"
hundreds,2352,"('hundreds', 12)"
sailboats,1505,"('sailboats', 12)"
spray paint,1508,"('spray paint', 12)"
airplanes,1520,"('airplanes', 12)"
black and blue,1753,"('black and blue', 12)"
over easy,3040,"('over easy', 12)"
wallet,1564,"('wallet', 12)"
butt,1975,"('butt', 12)"
westin,1640,"('westin', 12)"
in corner,2240,"('in corner', 12)"
hallway,1725,"('hallway', 12)"
honey,1739,"('honey', 12)"
yard,1745,"('yard', 12)"
notes,2675,"('notes', 12)"
sideways,1751,"('sideways', 12)"
1:00,1758,"('1:00', 12)"
rye,1766,"('rye', 12)"
7:35,2852,"('7:35', 12)"
cloud,1835,"('cloud', 12)"
stained glass,1924,"('stained glass', 12)"
meatballs,2858,"('meatballs', 12)"
chevy,1911,"('chevy', 12)"
shells,1966,"('shells', 12)"
marker,2459,"('marker', 12)"
shed,2606,"('shed', 12)"
chalk,1984,"('chalk', 12)"
mattress,2003,"('mattress', 12)"
dough,3019,"('dough', 12)"
switzerland,2891,"('switzerland', 12)"
coaster,2155,"('coaster', 12)"
2nd,2965,"('2nd', 12)"
different teams,2199,"('different teams', 12)"
grandfather,2223,"('grandfather', 12)"
patio,2275,"('patio', 12)"
only,2249,"('only', 12)"
windsor,2253,"('windsor', 12)"
life,1063,"('life', 12)"
almonds,2287,"('almonds', 12)"
bark,2293,"('bark', 12)"
fox,2394,"('fox', 12)"
top hat,2333,"('top hat', 12)"
information,2363,"('information', 12)"
bird feeder,2367,"('bird feeder', 12)"
seaweed,2829,"('seaweed', 12)"
mint,2395,"('mint', 12)"
gray and black,2402,"('gray and black', 12)"
angry,2415,"('angry', 12)"
copyright,2429,"('copyright', 12)"
video,3109,"('video', 12)"
on skateboard,1679,"('on skateboard', 12)"
cakes,1792,"('cakes', 12)"
wavy,2628,"('wavy', 12)"
wings,2514,"('wings', 12)"
ottoman,2522,"('ottoman', 12)"
red light,971,"('red light', 12)"
sewing,2546,"('sewing', 12)"
choppy,2567,"('choppy', 12)"
on plane,2953,"('on plane', 12)"
1 year,2807,"('1 year', 12)"
7:45,2827,"('7:45', 12)"
slow down,2620,"('slow down', 12)"
lays,2621,"('lays', 12)"
orange and blue,2182,"('orange and blue', 12)"
genetics,2662,"('genetics', 12)"
1980,2925,"('1980', 12)"
870,2693,"('870', 12)"
boundaries,2894,"('boundaries', 12)"
baked,2854,"('baked', 12)"
baker,2719,"('baker', 12)"
leaning,2728,"('leaning', 12)"
radish,2733,"('radish', 12)"
101,2789,"('101', 12)"
wheel,1422,"('wheel', 12)"
pottery,2627,"('pottery', 12)"
pitch,2837,"('pitch', 12)"
diesel,2847,"('diesel', 12)"
oriental,2875,"('oriental', 12)"
tinkerbell,2883,"('tinkerbell', 12)"
12:40,3073,"('12:40', 12)"
54,2899,"('54', 12)"
1.00,3000,"('1.00', 12)"
skatepark,2917,"('skatepark', 12)"
hsbc,2914,"('hsbc', 12)"
hitting,2972,"('hitting', 12)"
nest,3028,"('nest', 12)"
westjet,3076,"('westjet', 12)"
mayonnaise,113,"('mayonnaise', 11)"
wax,2619,"('wax', 11)"
backyard,273,"('backyard', 11)"
athletics,974,"('athletics', 11)"
jumped,386,"('jumped', 11)"
no flag,1032,"('no flag', 11)"
tissue,495,"('tissue', 11)"
woman's,1991,"(""woman's"", 11)"
la,540,"('la', 11)"
santa hat,2544,"('santa hat', 11)"
steering wheel,667,"('steering wheel', 11)"
12:25,2035,"('12:25', 11)"
shaved,2822,"('shaved', 11)"
stones,1933,"('stones', 11)"
waffle,759,"('waffle', 11)"
gmc,801,"('gmc', 11)"
wrist,803,"('wrist', 11)"
us airways express,894,"('us airways express', 11)"
no light,3011,"('no light', 11)"
baggage claim,922,"('baggage claim', 11)"
5:55,997,"('5:55', 11)"
partly cloudy,2685,"('partly cloudy', 11)"
yacht,1039,"('yacht', 11)"
peanut butter,1125,"('peanut butter', 11)"
9:50,1198,"('9:50', 11)"
case,1211,"('case', 11)"
9:25,1223,"('9:25', 11)"
kiting,1230,"('kiting', 11)"
earring,1242,"('earring', 11)"
2:05,1407,"('2:05', 11)"
wreath,1312,"('wreath', 11)"
shape,1375,"('shape', 11)"
hotel room,3099,"('hotel room', 11)"
7 eleven,1484,"('7 eleven', 11)"
colored,3033,"('colored', 11)"
barber shop,1550,"('barber shop', 11)"
licking,642,"('licking', 11)"
paper towels,1581,"('paper towels', 11)"
jungle,1607,"('jungle', 11)"
around neck,1631,"('around neck', 11)"
ana,1646,"('ana', 11)"
bars,2044,"('bars', 11)"
mango,1693,"('mango', 11)"
worms,1696,"('worms', 11)"
skeleton,2271,"('skeleton', 11)"
muffin,1732,"('muffin', 11)"
marina,2497,"('marina', 11)"
oars,1741,"('oars', 11)"
nathan's,1743,"(""nathan's"", 11)"
speed limit,2121,"('speed limit', 11)"
chimney,1748,"('chimney', 11)"
700,1756,"('700', 11)"
victoria,1804,"('victoria', 11)"
on napkin,1813,"('on napkin', 11)"
blue team,2130,"('blue team', 11)"
150,1846,"('150', 11)"
equestrian,1864,"('equestrian', 11)"
recessed,1867,"('recessed', 11)"
daffodils,1890,"('daffodils', 11)"
pigtails,1919,"('pigtails', 11)"
posts,2592,"('posts', 11)"
under armour,1940,"('under armour', 11)"
looking at camera,2160,"('looking at camera', 11)"
sun hat,1959,"('sun hat', 11)"
swiss,1961,"('swiss', 11)"
surprised,1992,"('surprised', 11)"
dr pepper,2369,"('dr pepper', 11)"
12:28,2033,"('12:28', 11)"
scrambled,2067,"('scrambled', 11)"
1:10,3025,"('1:10', 11)"
1 way,201,"('1 way', 11)"
orange and yellow,2084,"('orange and yellow', 11)"
cluttered,2481,"('cluttered', 11)"
peaches,2086,"('peaches', 11)"
zebra and giraffe,2087,"('zebra and giraffe', 11)"
kawasaki,2096,"('kawasaki', 11)"
braid,3088,"('braid', 11)"
shark,2111,"('shark', 11)"
fork and spoon,2115,"('fork and spoon', 11)"
bored,3097,"('bored', 11)"
fireman,2554,"('fireman', 11)"
bible,2499,"('bible', 11)"
rays,2153,"('rays', 11)"
us open,2159,"('us open', 11)"
animal,2171,"('animal', 11)"
spaghetti,2174,"('spaghetti', 11)"
pacifier,2197,"('pacifier', 11)"
safe,2813,"('safe', 11)"
ducati,2288,"('ducati', 11)"
millions,2307,"('millions', 11)"
tattoos,2328,"('tattoos', 11)"
willow,2334,"('willow', 11)"
barrier,2341,"('barrier', 11)"
holding phone,2630,"('holding phone', 11)"
converse,2375,"('converse', 11)"
ranch,2382,"('ranch', 11)"
boredom,2123,"('boredom', 11)"
flat screen,2409,"('flat screen', 11)"
riding horses,1377,"('riding horses', 11)"
not long,2910,"('not long', 11)"
snowsuit,2431,"('snowsuit', 11)"
mitt,2453,"('mitt', 11)"
farmers market,2465,"('farmers market', 11)"
under table,2490,"('under table', 11)"
fanta,2502,"('fanta', 11)"
babies,2559,"('babies', 11)"
shop,1980,"('shop', 11)"
burgers,2597,"('burgers', 11)"
surfers,2825,"('surfers', 11)"
wide,2648,"('wide', 11)"
star wars,3037,"('star wars', 11)"
zipper,2696,"('zipper', 11)"
spiral,2709,"('spiral', 11)"
steamed,712,"('steamed', 11)"
11:05,2730,"('11:05', 11)"
model,2738,"('model', 11)"
csx,2749,"('csx', 11)"
mosaic,2762,"('mosaic', 11)"
suits,1750,"('suits', 11)"
plunger,2776,"('plunger', 11)"
in basket,2780,"('in basket', 11)"
married,2783,"('married', 11)"
bottom left,2785,"('bottom left', 11)"
y,2795,"('y', 11)"
formica,3044,"('formica', 11)"
not high,2863,"('not high', 11)"
kitchenaid,2866,"('kitchenaid', 11)"
each other,2881,"('each other', 11)"
i,2971,"('i', 11)"
8:55,2930,"('8:55', 11)"
heinz,2950,"('heinz', 11)"
triumph,2954,"('triumph', 11)"
spices,1536,"('spices', 11)"
michigan,2993,"('michigan', 11)"
sofa,1824,"('sofa', 11)"
whirlpool,3104,"('whirlpool', 11)"
selling,3087,"('selling', 11)"
us air force,3078,"('us air force', 11)"
99,3091,"('99', 11)"
woodpecker,3124,"('woodpecker', 11)"
cosmo,3116,"('cosmo', 11)"
very big,26,"('very big', 10)"
2:30,2092,"('2:30', 10)"
mets,326,"('mets', 10)"
parrots,481,"('parrots', 10)"
years,3048,"('years', 10)"
upright,2460,"('upright', 10)"
stomach,2977,"('stomach', 10)"
lobster,771,"('lobster', 10)"
domestic,887,"('domestic', 10)"
lacoste,901,"('lacoste', 10)"
6:30,3119,"('6:30', 10)"
50 feet,2157,"('50 feet', 10)"
to catch ball,1644,"('to catch ball', 10)"
sauerkraut,1046,"('sauerkraut', 10)"
printer,1054,"('printer', 10)"
competition,3111,"('competition', 10)"
facebook,1069,"('facebook', 10)"
7:55,3082,"('7:55', 10)"
first base,1893,"('first base', 10)"
in her hand,2963,"('in her hand', 10)"
gym,1109,"('gym', 10)"
not there,1139,"('not there', 10)"
herself,1173,"('herself', 10)"
dome,1185,"('dome', 10)"
asleep,1212,"('asleep', 10)"
main st,1226,"('main st', 10)"
long time,1233,"('long time', 10)"
napkins,1246,"('napkins', 10)"
broom,1248,"('broom', 10)"
fishing boat,2062,"('fishing boat', 10)"
western,2668,"('western', 10)"
bnsf,1338,"('bnsf', 10)"
charging,1393,"('charging', 10)"
bald,1394,"('bald', 10)"
carnations,2906,"('carnations', 10)"
10:25,2048,"('10:25', 10)"
5:50,2692,"('5:50', 10)"
blending,1462,"('blending', 10)"
shirt and tie,1475,"('shirt and tie', 10)"
brewers,1482,"('brewers', 10)"
garlic,1514,"('garlic', 10)"
12:45,2245,"('12:45', 10)"
2:40,1544,"('2:40', 10)"
mississippi,2828,"('mississippi', 10)"
j,1562,"('j', 10)"
nikon,1595,"('nikon', 10)"
clams,1611,"('clams', 10)"
cameraman,2380,"('cameraman', 10)"
eiffel tower,1695,"('eiffel tower', 10)"
button up,1735,"('button up', 10)"
bunny,1762,"('bunny', 10)"
at&t,1780,"('at&t', 10)"
marshmallows,1782,"('marshmallows', 10)"
caramel,1783,"('caramel', 10)"
on motorcycle,1788,"('on motorcycle', 10)"
4:45,1805,"('4:45', 10)"
59,3055,"('59', 10)"
mirrors,1872,"('mirrors', 10)"
arrows,1880,"('arrows', 10)"
on beach,1192,"('on beach', 10)"
ambulance,1918,"('ambulance', 10)"
telling time,1944,"('telling time', 10)"
under sink,1963,"('under sink', 10)"
puppy,1968,"('puppy', 10)"
birthday cake,1983,"('birthday cake', 10)"
6:45,2055,"('6:45', 10)"
on phone,2631,"('on phone', 10)"
6:25,2113,"('6:25', 10)"
national express,2162,"('national express', 10)"
tropicana,2187,"('tropicana', 10)"
on tray,2203,"('on tray', 10)"
huge,2205,"('huge', 10)"
no clock,2218,"('no clock', 10)"
dairy,2260,"('dairy', 10)"
throw ball,2285,"('throw ball', 10)"
plastic wrap,2290,"('plastic wrap', 10)"
3rd,1516,"('3rd', 10)"
easy,2488,"('easy', 10)"
dawn,2638,"('dawn', 10)"
someone,702,"('someone', 10)"
telephone,2374,"('telephone', 10)"
polar bears,2412,"('polar bears', 10)"
lift,2414,"('lift', 10)"
12:20,2754,"('12:20', 10)"
room,2455,"('room', 10)"
drums,2485,"('drums', 10)"
half full,2503,"('half full', 10)"
mailbox,2510,"('mailbox', 10)"
sidecar,2512,"('sidecar', 10)"
junk,2520,"('junk', 10)"
cooler,2537,"('cooler', 10)"
sony ericsson,2548,"('sony ericsson', 10)"
fire extinguisher,2555,"('fire extinguisher', 10)"
dairy queen,2572,"('dairy queen', 10)"
bus station,2842,"('bus station', 10)"
deli,2598,"('deli', 10)"
squirrel,2632,"('squirrel', 10)"
plow,2707,"('plow', 10)"
snake,2720,"('snake', 10)"
sleeve,2727,"('sleeve', 10)"
triangles,3039,"('triangles', 10)"
hammock,2739,"('hammock', 10)"
sheet,2741,"('sheet', 10)"
lego,2751,"('lego', 10)"
fighter,2769,"('fighter', 10)"
crates,2774,"('crates', 10)"
descending,2907,"('descending', 10)"
commuter,2809,"('commuter', 10)"
spider,2816,"('spider', 10)"
sheepdog,2870,"('sheepdog', 10)"
porch,2851,"('porch', 10)"
10:50,2880,"('10:50', 10)"
rottweiler,2884,"('rottweiler', 10)"
stop light,2887,"('stop light', 10)"
shelter,2924,"('shelter', 10)"
outfield,2941,"('outfield', 10)"
anniversary,2913,"('anniversary', 10)"
broccoli and carrots,3093,"('broccoli and carrots', 10)"
4:40,2982,"('4:40', 10)"
doughnuts,2471,"('doughnuts', 10)"
10:35,3103,"('10:35', 10)"
in cabbage town,3122,"('in cabbage town', 10)"
mayo,114,"('mayo', 9)"
sweet potato,115,"('sweet potato', 9)"
patterned,156,"('patterned', 9)"
penne,287,"('penne', 9)"
no train,478,"('no train', 9)"
ivory,520,"('ivory', 9)"
on track,525,"('on track', 9)"
meow,536,"('meow', 9)"
68,568,"('68', 9)"
black and silver,653,"('black and silver', 9)"
twins,692,"('twins', 9)"
beets,703,"('beets', 9)"
cuddling,804,"('cuddling', 9)"
now,876,"('now', 9)"
recliner,2760,"('recliner', 9)"
wildebeest,2556,"('wildebeest', 9)"
9:15,1728,"('9:15', 9)"
spots,1034,"('spots', 9)"
grassy,1059,"('grassy', 9)"
life vest,1099,"('life vest', 9)"
sydney,1138,"('sydney', 9)"
diet coke,1162,"('diet coke', 9)"
flats,1232,"('flats', 9)"
3 inches,1284,"('3 inches', 9)"
cessna,1027,"('cessna', 9)"
cigarettes,1365,"('cigarettes', 9)"
qantas,3100,"('qantas', 9)"
camper,1416,"('camper', 9)"
silverware,1418,"('silverware', 9)"
mariners,3089,"('mariners', 9)"
88,1439,"('88', 9)"
no grass,1574,"('no grass', 9)"
193,1604,"('193', 9)"
savory,2931,"('savory', 9)"
shopping cart,1685,"('shopping cart', 9)"
it's raining,1686,"(""it's raining"", 9)"
state farm,1705,"('state farm', 9)"
no water,2920,"('no water', 9)"
african american,266,"('african american', 9)"
6:40,3068,"('6:40', 9)"
coconut,1807,"('coconut', 9)"
give way,1848,"('give way', 9)"
on boat,2483,"('on boat', 9)"
dandelions,1863,"('dandelions', 9)"
motorbike,1876,"('motorbike', 9)"
by window,1917,"('by window', 9)"
acer,2350,"('acer', 9)"
bathing suit,1979,"('bathing suit', 9)"
onion rings,1981,"('onion rings', 9)"
email,1996,"('email', 9)"
double,2012,"('double', 9)"
wing,3003,"('wing', 9)"
ankle,2746,"('ankle', 9)"
15 feet,2105,"('15 feet', 9)"
earbuds,2106,"('earbuds', 9)"
more,2955,"('more', 9)"
rectangles,2131,"('rectangles', 9)"
bidet,2890,"('bidet', 9)"
tiled,2181,"('tiled', 9)"
prince,3057,"('prince', 9)"
gate,2192,"('gate', 9)"
lilac,2194,"('lilac', 9)"
exhaust,2201,"('exhaust', 9)"
omelet,2237,"('omelet', 9)"
puma,2943,"('puma', 9)"
little girl,2250,"('little girl', 9)"
ireland,2289,"('ireland', 9)"
windmill,2311,"('windmill', 9)"
cd,2335,"('cd', 9)"
tiara,2361,"('tiara', 9)"
students,2362,"('students', 9)"
deck,2154,"('deck', 9)"
3:45,2417,"('3:45', 9)"
buttons,2418,"('buttons', 9)"
behind clouds,1712,"('behind clouds', 9)"
winnie pooh,2427,"('winnie pooh', 9)"
muffins,2448,"('muffins', 9)"
man made,2677,"('man made', 9)"
condiments,2524,"('condiments', 9)"
000,3001,"('000', 9)"
2 people,2170,"('2 people', 9)"
stagecoach,2015,"('stagecoach', 9)"
philadelphia,2577,"('philadelphia', 9)"
learning,2987,"('learning', 9)"
pelicans,2661,"('pelicans', 9)"
not in service,2663,"('not in service', 9)"
copper,2690,"('copper', 9)"
7:05,2695,"('7:05', 9)"
pockets,3066,"('pockets', 9)"
angel,2753,"('angel', 9)"
egg salad,2758,"('egg salad', 9)"
6:05,3071,"('6:05', 9)"
elmo,2966,"('elmo', 9)"
slacks,2818,"('slacks', 9)"
scratching,2874,"('scratching', 9)"
briefcase,2784,"('briefcase', 9)"
8:50,2911,"('8:50', 9)"
kenmore,2919,"('kenmore', 9)"
baby's breath,2923,"(""baby's breath"", 9)"
ham and cheese,2928,"('ham and cheese', 9)"
cds,2938,"('cds', 9)"
mitsubishi,2939,"('mitsubishi', 9)"
parking meters,2944,"('parking meters', 9)"
bowls,3046,"('bowls', 9)"
mouthwash,2949,"('mouthwash', 9)"
on stove,2959,"('on stove', 9)"
beads,3115,"('beads', 9)"
cardinal,3010,"('cardinal', 9)"
pizza box,3018,"('pizza box', 9)"
ahead,3047,"('ahead', 9)"
cinnamon,3030,"('cinnamon', 9)"
new orleans,3032,"('new orleans', 9)"
grocery store,3094,"('grocery store', 9)"
cadillac,3056,"('cadillac', 9)"
bus driver,3084,"('bus driver', 9)"
backward,3114,"('backward', 9)"
jones,1704,"('jones', 9)"
whipped cream,3108,"('whipped cream', 9)"
sas,3113,"('sas', 9)"
100 year party ct,3120,"('100 year party ct', 9)"
shingles,151,"('shingles', 8)"
laundry,159,"('laundry', 8)"
soldier,174,"('soldier', 8)"
swim,238,"('swim', 8)"
turtle,453,"('turtle', 8)"
black and orange,457,"('black and orange', 8)"
slippers,554,"('slippers', 8)"
dump,620,"('dump', 8)"
salt and pepper,882,"('salt and pepper', 8)"
trolley,888,"('trolley', 8)"
chevron,920,"('chevron', 8)"
opponent,3123,"('opponent', 8)"
dog and cat,1049,"('dog and cat', 8)"
am,1074,"('am', 8)"
alps,1084,"('alps', 8)"
corgi,1123,"('corgi', 8)"
gray and red,1178,"('gray and red', 8)"
using laptop,1194,"('using laptop', 8)"
tater tots,2221,"('tater tots', 8)"
coffee pot,2073,"('coffee pot', 8)"
pink and black,1309,"('pink and black', 8)"
verizon,1329,"('verizon', 8)"
hollywood,3112,"('hollywood', 8)"
behind bus,1379,"('behind bus', 8)"
organic,1388,"('organic', 8)"
61,1392,"('61', 8)"
man in middle,3083,"('man in middle', 8)"
heavy,2238,"('heavy', 8)"
2:55,1472,"('2:55', 8)"
skyscraper,1524,"('skyscraper', 8)"
linoleum,1551,"('linoleum', 8)"
water ski,2353,"('water ski', 8)"
lemonade,1617,"('lemonade', 8)"
boot,1649,"('boot', 8)"
on horse,1650,"('on horse', 8)"
cell,1660,"('cell', 8)"
flamingo,1765,"('flamingo', 8)"
storm,1914,"('storm', 8)"
playstation,1853,"('playstation', 8)"
not likely,1855,"('not likely', 8)"
fans,2609,"('fans', 8)"
me,1440,"('me', 8)"
cocker spaniel,1941,"('cocker spaniel', 8)"
silver and black,1956,"('silver and black', 8)"
black and pink,2830,"('black and pink', 8)"
11:15,2020,"('11:15', 8)"
12:10,2036,"('12:10', 8)"
9:35,2077,"('9:35', 8)"
balcony,2135,"('balcony', 8)"
best buy,2140,"('best buy', 8)"
toiletries,2466,"('toiletries', 8)"
soldiers,2169,"('soldiers', 8)"
cnn,2800,"('cnn', 8)"
hauling,2202,"('hauling', 8)"
4:55,2230,"('4:55', 8)"
hexagon,2241,"('hexagon', 8)"
2 men,2254,"('2 men', 8)"
pearl,2407,"('pearl', 8)"
thoroughbred,2268,"('thoroughbred', 8)"
parakeet,2269,"('parakeet', 8)"
blue and orange,2298,"('blue and orange', 8)"
tents,2326,"('tents', 8)"
pancake,2337,"('pancake', 8)"
nasa,2365,"('nasa', 8)"
on rock,2400,"('on rock', 8)"
fluffy,2401,"('fluffy', 8)"
in motion,2423,"('in motion', 8)"
swans,2436,"('swans', 8)"
urinals,2457,"('urinals', 8)"
soccer field,2468,"('soccer field', 8)"
poop,2513,"('poop', 8)"
champagne,2530,"('champagne', 8)"
taller,2536,"('taller', 8)"
space shuttle,2611,"('space shuttle', 8)"
yellow and orange,2617,"('yellow and orange', 8)"
tripod,2647,"('tripod', 8)"
grilled cheese,2857,"('grilled cheese', 8)"
planter,2651,"('planter', 8)"
opaque,2656,"('opaque', 8)"
1 inch,2146,"('1 inch', 8)"
1:25,2700,"('1:25', 8)"
parking garage,2671,"('parking garage', 8)"
blueberry,2673,"('blueberry', 8)"
countryside,2050,"('countryside', 8)"
coffee table,2586,"('coffee table', 8)"
vines,2717,"('vines', 8)"
hockey,2726,"('hockey', 8)"
antenna,2764,"('antenna', 8)"
sticks,3043,"('sticks', 8)"
farmers,2629,"('farmers', 8)"
11:50,2790,"('11:50', 8)"
current,2975,"('current', 8)"
carrot cake,2823,"('carrot cake', 8)"
giraffe and zebra,2826,"('giraffe and zebra', 8)"
remodeling,2850,"('remodeling', 8)"
watermark,3016,"('watermark', 8)"
green and brown,2999,"('green and brown', 8)"
pencil,2988,"('pencil', 8)"
long sleeve,2869,"('long sleeve', 8)"
kodak,3005,"('kodak', 8)"
thailand,1181,"('thailand', 8)"
alcohol,2329,"('alcohol', 8)"
american airlines,3004,"('american airlines', 8)"
ginger,2983,"('ginger', 8)"
father,2912,"('father', 8)"
very long,2915,"('very long', 8)"
fires,2935,"('fires', 8)"
swinging bat,3015,"('swinging bat', 8)"
wine bottle,2947,"('wine bottle', 8)"
ascending,2787,"('ascending', 8)"
1:40,3002,"('1:40', 8)"
skyscrapers,3014,"('skyscrapers', 8)"
in cup,3017,"('in cup', 8)"
wisconsin,3090,"('wisconsin', 8)"
10:45,3060,"('10:45', 8)"
coffee cup,3105,"('coffee cup', 8)"
dip,3081,"('dip', 8)"
red velvet,3098,"('red velvet', 8)"
grinding,2570,"('grinding', 8)"
6:20,560,"('6:20', 7)"
minnie mouse,602,"('minnie mouse', 7)"
parmesan,631,"('parmesan', 7)"
pull,826,"('pull', 7)"
firefighter,2137,"('firefighter', 7)"
mantle,1023,"('mantle', 7)"
bagels,1047,"('bagels', 7)"
shampoo,1083,"('shampoo', 7)"
mane,1087,"('mane', 7)"
windowsill,1122,"('windowsill', 7)"
close up,2796,"('close up', 7)"
72,2812,"('72', 7)"
9:55,1214,"('9:55', 7)"
for balance,498,"('for balance', 7)"
audi,1920,"('audi', 7)"
to dry,467,"('to dry', 7)"
shorter,1318,"('shorter', 7)"
on suitcase,1334,"('on suitcase', 7)"
bending,1356,"('bending', 7)"
schnauzer,1387,"('schnauzer', 7)"
congratulations,1414,"('congratulations', 7)"
on bike,1466,"('on bike', 7)"
brushing his teeth,1512,"('brushing his teeth', 7)"
on elephant,1541,"('on elephant', 7)"
toasted,1566,"('toasted', 7)"
to catch frisbee,1571,"('to catch frisbee', 7)"
sprint,1573,"('sprint', 7)"
snowing,1586,"('snowing', 7)"
in suitcase,1593,"('in suitcase', 7)"
illinois,1620,"('illinois', 7)"
arizona,2792,"('arizona', 7)"
silver and red,2770,"('silver and red', 7)"
12:35,1651,"('12:35', 7)"
cute,2420,"('cute', 7)"
riding elephant,1826,"('riding elephant', 7)"
neon,1833,"('neon', 7)"
no shirt,3051,"('no shirt', 7)"
using computer,1912,"('using computer', 7)"
stew,1770,"('stew', 7)"
day time,705,"('day time', 7)"
thousands,1972,"('thousands', 7)"
pooping,2116,"('pooping', 7)"
on his face,2473,"('on his face', 7)"
at table,2063,"('at table', 7)"
picnic table,2101,"('picnic table', 7)"
limes,3079,"('limes', 7)"
white house,2163,"('white house', 7)"
zig zag,2213,"('zig zag', 7)"
gazebo,2618,"('gazebo', 7)"
magnet,2225,"('magnet', 7)"
dc,2301,"('dc', 7)"
listening to music,2339,"('listening to music', 7)"
lotion,2699,"('lotion', 7)"
easyjet,2406,"('easyjet', 7)"
bunt,2408,"('bunt', 7)"
pans,2425,"('pans', 7)"
to get to other side,2434,"('to get to other side', 7)"
very fast,2437,"('very fast', 7)"
swirls,2447,"('swirls', 7)"
4:05,2449,"('4:05', 7)"
classic,2908,"('classic', 7)"
banana peel,2469,"('banana peel', 7)"
conference room,3064,"('conference room', 7)"
blue and pink,2566,"('blue and pink', 7)"
collage,2581,"('collage', 7)"
potato salad,2591,"('potato salad', 7)"
kicking,2599,"('kicking', 7)"
vehicles,2602,"('vehicles', 7)"
indians,2933,"('indians', 7)"
8:35,2803,"('8:35', 7)"
tree branch,2689,"('tree branch', 7)"
tuxedo,2725,"('tuxedo', 7)"
watch tv,2978,"('watch tv', 7)"
racquet,2755,"('racquet', 7)"
oar,2085,"('oar', 7)"
on water,2590,"('on water', 7)"
snowflakes,2886,"('snowflakes', 7)"
compaq,2731,"('compaq', 7)"
tv stand,2893,"('tv stand', 7)"
washington monument,2927,"('washington monument', 7)"
tell time,2940,"('tell time', 7)"
cranes,2945,"('cranes', 7)"
5:10,2980,"('5:10', 7)"
food processor,2990,"('food processor', 7)"
mural,3006,"('mural', 7)"
behind bench,3009,"('behind bench', 7)"
stork,2779,"('stork', 7)"
paved,3013,"('paved', 7)"
goal,3021,"('goal', 7)"
enclosure,3034,"('enclosure', 7)"
bride,3035,"('bride', 7)"
tugboat,3053,"('tugboat', 7)"
silk,3063,"('silk', 7)"
bikers,3077,"('bikers', 7)"
ring finger,659,"('ring finger', 6)"
5:30,2986,"('5:30', 6)"
moped,733,"('moped', 6)"
checkers,855,"('checkers', 6)"
frosted,1095,"('frosted', 6)"
4th of july,1114,"('4th of july', 6)"
holding baby,1251,"('holding baby', 6)"
playing video games,2772,"('playing video games', 6)"
oregon,1386,"('oregon', 6)"
can't see it,2438,"(""can't see it"", 6)"
males,1442,"('males', 6)"
standing still,1488,"('standing still', 6)"
wakeboard,1591,"('wakeboard', 6)"
parachute,511,"('parachute', 6)"
rv,2833,"('rv', 6)"
donut shop,1747,"('donut shop', 6)"
left 1,597,"('left 1', 6)"
cruise ship,1772,"('cruise ship', 6)"
ny,1775,"('ny', 6)"
younger,1778,"('younger', 6)"
salon,1786,"('salon', 6)"
chrome,1793,"('chrome', 6)"
on pizza,1860,"('on pizza', 6)"
toothpicks,1901,"('toothpicks', 6)"
on tree,1934,"('on tree', 6)"
in stands,1969,"('in stands', 6)"
style,1986,"('style', 6)"
photoshop,2226,"('photoshop', 6)"
qatar,2212,"('qatar', 6)"
parmesan cheese,2255,"('parmesan cheese', 6)"
freezer,2257,"('freezer', 6)"
venice,2259,"('venice', 6)"
vests,2342,"('vests', 6)"
red and silver,1632,"('red and silver', 6)"
st patrick's day,2443,"(""st patrick's day"", 6)"
on rack,1989,"('on rack', 6)"
12:50,2506,"('12:50', 6)"
bundt,2538,"('bundt', 6)"
monday,2539,"('monday', 6)"
toronto,1839,"('toronto', 6)"
7:10,2323,"('7:10', 6)"
banana split,2625,"('banana split', 6)"
wax paper,2633,"('wax paper', 6)"
defense,2639,"('defense', 6)"
train car,2676,"('train car', 6)"
stability,2678,"('stability', 6)"
high heels,2682,"('high heels', 6)"
pare,2683,"('pare', 6)"
checkerboard,2684,"('checkerboard', 6)"
girl on right,2703,"('girl on right', 6)"
jet ski,2708,"('jet ski', 6)"
flashlight,2712,"('flashlight', 6)"
in street,962,"('in street', 6)"
dim,2735,"('dim', 6)"
boardwalk,2743,"('boardwalk', 6)"
behind woman,2756,"('behind woman', 6)"
before,2763,"('before', 6)"
30 mph,2786,"('30 mph', 6)"
under tree,2716,"('under tree', 6)"
amazon,2844,"('amazon', 6)"
cylinder,2856,"('cylinder', 6)"
dreadlocks,2865,"('dreadlocks', 6)"
alligator,2877,"('alligator', 6)"
slope,2649,"('slope', 6)"
bronze,2896,"('bronze', 6)"
easton,2901,"('easton', 6)"
suspenders,2909,"('suspenders', 6)"
buoys,3065,"('buoys', 6)"
8:05,2921,"('8:05', 6)"
5 ft,531,"('5 ft', 6)"
to hit ball,2962,"('to hit ball', 6)"
single engine,2957,"('single engine', 6)"
htc,2973,"('htc', 6)"
sesame seeds,2090,"('sesame seeds', 6)"
crows,2996,"('crows', 6)"
distance,2951,"('distance', 6)"
on dresser,3036,"('on dresser', 6)"
statues,3042,"('statues', 6)"
comforter,2801,"('comforter', 6)"
korean air,3102,"('korean air', 6)"
jal,3118,"('jal', 6)"
ferris wheel,710,"('ferris wheel', 5)"
mack,730,"('mack', 5)"
lighter,1354,"('lighter', 5)"
riding bikes,1483,"('riding bikes', 5)"
brushing her teeth,1526,"('brushing her teeth', 5)"
9:12,3107,"('9:12', 5)"
in sink,2274,"('in sink', 5)"
cast iron,1957,"('cast iron', 5)"
20 ft,2089,"('20 ft', 5)"
stucco,2093,"('stucco', 5)"
public market center,2142,"('public market center', 5)"
baseball uniform,2180,"('baseball uniform', 5)"
dog food,2296,"('dog food', 5)"
wall st,2351,"('wall st', 5)"
stir fry,2644,"('stir fry', 5)"
vaio,2393,"('vaio', 5)"
few,2552,"('few', 5)"
slide,2562,"('slide', 5)"
ski boots,2578,"('ski boots', 5)"
kangaroo,2637,"('kangaroo', 5)"
back left,2643,"('back left', 5)"
wheelie,2660,"('wheelie', 5)"
holding umbrella,2697,"('holding umbrella', 5)"
refrigerators,2777,"('refrigerators', 5)"
paw,2799,"('paw', 5)"
entering,2846,"('entering', 5)"
on shore,2873,"('on shore', 5)"
blt,2970,"('blt', 5)"
shower head,3023,"('shower head', 5)"
spotted,1997,"('spotted', 5)"
4 ft,3070,"('4 ft', 5)"
bin,3031,"('bin', 5)"
taking photo,3052,"('taking photo', 5)"
tables,1615,"('tables', 5)"
doorway,2659,"('doorway', 5)"
cilantro,3041,"('cilantro', 5)"
walgreens,3069,"('walgreens', 5)"
1 on right,314,"('1 on right', 5)"
10:08,3117,"('10:08', 5)"
petting horse,1421,"('petting horse', 4)"
billabong,1467,"('billabong', 4)"
on runway,933,"('on runway', 4)"
t shirt and jeans,2150,"('t shirt and jeans', 4)"
600,2161,"('600', 4)"
lying down,2680,"('lying down', 4)"
1 on left,1723,"('1 on left', 4)"
after,2396,"('after', 4)"
brass,2461,"('brass', 4)"
dog show,2482,"('dog show', 4)"
for photo,2550,"('for photo', 4)"
powdered,2640,"('powdered', 4)"
birthday party,2670,"('birthday party', 4)"
pomeranian,2724,"('pomeranian', 4)"
3:50,2765,"('3:50', 4)"
10:15,2766,"('10:15', 4)"
beijing,2645,"('beijing', 4)"
paddling,2859,"('paddling', 4)"
banana bread,2860,"('banana bread', 4)"
5:18,2871,"('5:18', 4)"
fruit salad,2918,"('fruit salad', 4)"
straight ahead,2867,"('straight ahead', 4)"
dog bed,2992,"('dog bed', 4)"
right hand,2997,"('right hand', 4)"
4 inches,706,"('4 inches', 4)"
ghost,2210,"('ghost', 4)"
daffodil,3067,"('daffodil', 4)"
union station,881,"('union station', 3)"
1 in front,2299,"('1 in front', 3)"
singapore,2553,"('singapore', 3)"
mountainous,2715,"('mountainous', 3)"
right 1,2744,"('right 1', 3)"
black white,2507,"('black white', 3)"
sheets,2802,"('sheets', 3)"
asics,2840,"('asics', 3)"
kite string,2967,"('kite string', 3)"
star alliance,2976,"('star alliance', 3)"
no plate,3022,"('no plate', 3)"
10 inches,2929,"('10 inches', 3)"
citizen,3092,"('citizen', 3)"
tam,3101,"('tam', 3)"
hilly,3106,"('hilly', 3)"
6:35,2932,"('6:35', 3)"
hispanic,3121,"('hispanic', 3)"
5 star,1525,"('5 star', 2)"
virgin atlantic,3072,"('virgin atlantic', 2)"
scenery,1985,"('scenery', 2)"
above door,2835,"('above door', 2)"
middle 1,2898,"('middle 1', 2)"
1 in back,3026,"('1 in back', 2)"
1 4,1990,"('1 4', 1)"
1 world,2360,"('1 world', 1)"
